delay,freq,condition,thisN,thisTrialN,thisRepN,key_resp.keys,key_resp.rt,key_resp.duration,textbox.text,button.numClicks,button.timesOn,button.timesOff,trials.thisRepN,trials.thisTrialN,trials.thisN,trials.thisIndex,thisRow.t,notes,trial.started,polygon.started,polygon_2.started,key_resp.started,polygon.stopped,trial.stopped,trials.key_resp.keys,trials.key_resp.rt,trials.key_resp.duration,beep.started,sound_1.started,sound_1.stopped,beep.stopped,response.started,text.started,textbox.started,button.started,response.stopped,trials.textbox.text,trials.button.numClicks,trials.button.timesOn,trials.button.timesOff,participant,session,date,expName,expVersion,psychopyVersion,frameRate,expStart,
0.4,1000,exp,0,0,0,space,1.1158440000144765,None,999,1,[9.90486150002107],[9.904869099962525],0,0,0,7,0.019715000060386956,,0.01468740007840097,0.019715000060386956,1.0070282000815496,1.0070282000815496,1.0243067999836057,2.134788400027901,space,1.1158440000144765,None,2.1357929999940097,2.540607566658097,2.852253400022164,2.834192299982533,2.8347527000587434,2.852253400022164,2.852253400022164,2.852253400022164,12.757376600056887,999,1,[9.90486150002107],[9.904869099962525],aj_1,001,2025-11-13_23h00.12.150,intentional_binding,,2025.1.1,59.906856848985115,2025-11-13 23h00.19.340553 +0530,
0.4,1000,exp,1,1,0,space,1.8765100999735296,None,300,1,[2.7608299999265],[2.7608417000155896],0,1,1,4,12.773156500072218,,12.75761870003771,12.773156500072218,13.756909499992616,13.756909499992616,13.774028700077906,15.640730299986899,space,1.8765100999735296,None,15.641376200015657,16.04031716665874,16.34700960002374,16.333838600083254,16.334416300058365,16.34700960002374,16.34700960002374,16.34700960002374,19.108215000014752,300,1,[2.7608299999265],[2.7608417000155896],aj_1,001,2025-11-13_23h00.12.150,intentional_binding,,2025.1.1,59.906856848985115,2025-11-13 23h00.19.340553 +0530,
0.7,1000,exp,2,2,0,space,0.16432009998243302,None,231,1,[2.1987300000619143],[2.198738200007938],0,2,2,11,19.12378170003649,,19.10849940008484,19.12378170003649,20.12377549998928,20.12377549998928,20.12377549998928,20.290575799997896,space,0.16432009998243302,None,20.291323899989948,20.990205866696,21.29183700005524,21.285942599992268,21.286285600042902,21.29183700005524,21.29183700005524,21.29183700005524,23.490867000073195,231,1,[2.1987300000619143],[2.198738200007938],aj_1,001,2025-11-13_23h00.12.150,intentional_binding,,2025.1.1,59.906856848985115,2025-11-13 23h00.19.340553 +0530,
0.7,400,unexp,3,3,0,space,0.07428190007340163,None,3453,1,[2.2143047000281513],[2.2143171000061557],0,3,3,2,23.506793900043704,,23.491102600004524,23.506793900043704,24.490200400003232,24.490200400003232,24.50664020003751,24.57386420003604,space,0.07428190007340163,None,24.574541000067256,25.27336876670985,25.59415280004032,25.576550900004804,25.57716009998694,25.59415280004032,25.59415280004032,25.59415280004032,27.808850900037214,3453,1,[2.2143047000281513],[2.2143171000061557],aj_1,001,2025-11-13_23h00.12.150,intentional_binding,,2025.1.1,59.906856848985115,2025-11-13 23h00.19.340553 +0530,
0.1,1000,exp,4,4,0,space,0.16728589998092502,None,123,1,[2.7798920000204816],[2.7799002999672666],0,4,4,3,27.823823800077662,,27.809144100057893,27.823823800077662,28.823440800071694,28.823440800071694,28.823440800071694,29.007462100009434,space,0.16728589998092502,None,29.008708400069736,29.10686746664966,29.41084160003811,29.402475200011395,29.402883399976417,29.41084160003811,29.41084160003811,29.41084160003811,32.191035800031386,123,1,[2.7798920000204816],[2.7799002999672666],aj_1,001,2025-11-13_23h00.12.150,intentional_binding,,2025.1.1,59.906856848985115,2025-11-13 23h00.19.340553 +0530,
0.7,1000,exp,5,5,0,space,0.3690404000226408,None,345,1,[1.4384377000387758],[1.4384500000160187],0,5,5,5,32.20655270002317,,32.19124770001508,32.20655270002317,33.19028680003248,33.19028680003248,33.20670340000652,33.57421069999691,space,0.3690404000226408,None,33.575257100048475,34.29006276670067,34.60256180004217,34.58556729997508,34.5861145000672,34.60256180004217,34.60256180004217,34.60256180004217,36.041412400081754,345,1,[1.4384377000387758],[1.4384500000160187],aj_1,001,2025-11-13_23h00.12.150,intentional_binding,,2025.1.1,59.906856848985115,2025-11-13 23h00.19.340553 +0530,
0.4,400,unexp,6,6,0,space,0.13294629997108132,None, 432,1,[2.00269340001978],[2.00270620000083],0,6,6,1,36.056807800079696,,36.04171270004008,36.056807800079696,37.05674780008849,37.05674780008849,37.05674780008849,37.19118880003225,space,0.13294629997108132,None,37.192431800067425,37.60701076669308,37.92135199997574,37.90729620005004,37.90787390002515,37.92135199997574,37.92135199997574,37.92135199997574,39.92445240006782, 432,1,[2.00269340001978],[2.00270620000083],aj_1,001,2025-11-13_23h00.12.150,intentional_binding,,2025.1.1,59.906856848985115,2025-11-13 23h00.19.340553 +0530,
0.1,400,unexp,7,7,0,space,0.0520447000162676,None,131,1,[2.0828671000199392],[2.0828824000200257],0,7,7,0,39.940099800005555,,39.924860000028275,39.940099800005555,40.94012120005209,40.94012120005209,40.94012120005209,41.00770419999026,space,0.0520447000162676,None,41.008755600079894,41.122965766644725,41.42477210005745,41.41256259998772,41.41322960006073,41.42477210005745,41.42477210005745,41.42477210005745,43.50797470007092,131,1,[2.0828671000199392],[2.0828824000200257],aj_1,001,2025-11-13_23h00.12.150,intentional_binding,,2025.1.1,59.906856848985115,2025-11-13 23h00.19.340553 +0530,
0.7,1000,exp,8,8,0,space,0.16704560001380742,None,556,1,[1.3205819999566302],[1.3205918000312522],0,8,8,8,43.52355380007066,,43.50830940005835,43.52355380007066,44.52331820002291,44.52331820002291,44.52331820002291,44.70716390002053,space,0.16704560001380742,None,44.7079482000554,45.422770766719864,45.737526300014,45.72256959998049,45.72363560006488,45.737526300014,45.737526300014,45.737526300014,47.05848500004504,556,1,[1.3205819999566302],[1.3205918000312522],aj_1,001,2025-11-13_23h00.12.150,intentional_binding,,2025.1.1,59.906856848985115,2025-11-13 23h00.19.340553 +0530,
0.1,1000,exp,9,9,0,space,0.05806559999473393,None,674,1,[2.428796499967575],[2.428808599943295],0,9,9,9,47.07308430003468,,47.05875710002147,47.07308430003468,48.073580100084655,48.073580100084655,48.073580100084655,48.1406170000555,space,0.05806559999473393,None,48.141714700032026,48.24002526671781,48.545538200065494,48.53602940007113,48.53650230006315,48.545538200065494,48.545538200065494,48.545538200065494,50.97466850001365,674,1,[2.428796499967575],[2.428808599943295],aj_1,001,2025-11-13_23h00.12.150,intentional_binding,,2025.1.1,59.906856848985115,2025-11-13 23h00.19.340553 +0530,
0.1,1000,exp,10,10,0,space,0.10672599996905774,None,542,1,[2.007318399962969],[2.0073260999051854],0,10,10,6,50.99009640002623,,50.974997500074096,50.99009640002623,51.99007569998503,51.99007569998503,51.99007569998503,52.10730540007353,space,0.10672599996905774,None,52.10853780002799,52.206628166666874,52.51651099999435,52.504711500019766,52.5051514999941,52.51651099999435,52.51651099999435,52.51651099999435,54.52410260005854,542,1,[2.007318399962969],[2.0073260999051854],aj_1,001,2025-11-13_23h00.12.150,intentional_binding,,2025.1.1,59.906856848985115,2025-11-13 23h00.19.340553 +0530,
0.4,1000,exp,11,11,0,space,0.17342809995170683,None,655,1,[1.9392105999868363],[1.939219000050798],0,11,11,10,54.540118900011294,,54.524320899974555,54.540118900011294,55.52367350005079,55.52367350005079,55.54005670000333,55.70715020003263,space,0.17342809995170683,None,55.70778609998524,56.10665076674583,56.4184707000386,56.40912710002158,56.40969130001031,56.4184707000386,56.4184707000386,56.4184707000386,58.35793350008316,655,1,[1.9392105999868363],[1.939219000050798],aj_1,001,2025-11-13_23h00.12.150,intentional_binding,,2025.1.1,59.906856848985115,2025-11-13 23h00.19.340553 +0530,
0.1,1000,exp,12,0,1,space,0.17445670010056347,None, 235,1,[1.2195935000199825],[1.2196048999903724],1,0,12,3,58.373563800007105,,58.358146500075236,58.373563800007105,59.373268700088374,59.373268700088374,59.373268700088374,59.5573172000004,space,0.17445670010056347,None,59.55836830008775,59.65677366668048,59.97125090006739,59.95655710005667,59.95916189998388,59.97125090006739,59.97125090006739,59.97125090006739,61.19119550008327, 235,1,[1.2195935000199825],[1.2196048999903724],aj_1,001,2025-11-13_23h00.12.150,intentional_binding,,2025.1.1,59.906856848985115,2025-11-13 23h00.19.340553 +0530,
0.1,1000,exp,13,1,1,space,0.3164942000294104,None,245,1,[2.1549493999918923],[2.154956700047478],1,1,13,9,61.20677589997649,,61.19155380001757,61.20677589997649,62.19005149998702,62.19005149998702,62.2065146000823,62.52418429998215,space,0.3164942000294104,None,62.52514510008041,62.639784066650705,62.952157200081274,62.93639070005156,62.93700799997896,62.952157200081274,62.952157200081274,62.952157200081274,65.10739770007785,245,1,[2.1549493999918923],[2.154956700047478],aj_1,001,2025-11-13_23h00.12.150,intentional_binding,,2025.1.1,59.906856848985115,2025-11-13 23h00.19.340553 +0530,
0.7,400,unexp,14,2,1,space,0.17274850001558661,None,242,1,[2.1202862000791356],[2.1202971000457183],1,2,14,2,65.12325870001223,,65.10767150006723,65.12325870001223,66.10655720008072,66.10655720008072,66.12364530004561,66.290766500053,space,0.17274850001558661,None,66.29219339997508,66.99007826665571,67.30392039997969,67.28835200006142,67.28892650001217,67.30392039997969,67.30392039997969,67.30392039997969,69.42453960003331,242,1,[2.1202862000791356],[2.1202971000457183],aj_1,001,2025-11-13_23h00.12.150,intentional_binding,,2025.1.1,59.906856848985115,2025-11-13 23h00.19.340553 +0530,
0.4,1000,exp,15,3,1,space,0.1744059999473393,None,345,1,[2.4052065999712795],[2.405225299997255],1,3,15,10,69.44006599998102,,69.42484069999773,69.44006599998102,70.43952910008375,70.43952910008375,70.43952910008375,70.62424000003375,space,0.1744059999473393,None,70.62540030002128,71.04036126664529,71.35218040004838,71.33883200003766,71.339450999978,71.35218040004838,71.35218040004838,71.35218040004838,73.75783240003511,345,1,[2.4052065999712795],[2.405225299997255],aj_1,001,2025-11-13_23h00.12.150,intentional_binding,,2025.1.1,59.906856848985115,2025-11-13 23h00.19.340553 +0530,
0.4,400,unexp,16,4,1,space,0.004144199891015887,None, 243,1,[2.0365079999901354],[2.036517900065519],1,4,16,1,73.7730955000734,,73.75817919999827,73.7730955000734,74.7733427999774,74.7733427999774,74.7733427999774,74.7905396000715,space,0.004144199891015887,None,74.79164220008533,75.2066322666981,75.52071519999299,75.5060638000723,75.50670330005232,75.52071519999299,75.52071519999299,75.52071519999299,77.55759980005678, 243,1,[2.0365079999901354],[2.036517900065519],aj_1,001,2025-11-13_23h00.12.150,intentional_binding,,2025.1.1,59.906856848985115,2025-11-13 23h00.19.340553 +0530,
0.4,1000,exp,17,5,1,space,0.10198569996282458,None,544,1,[1.6849443000974134],[1.6849535000510514],1,5,17,7,77.57313490007073,,77.5578551000217,77.57313490007073,78.57295750000048,78.57295750000048,78.57295750000048,78.69068800006062,space,0.10198569996282458,None,78.69200230005663,79.10624546668647,79.42242900002748,79.40821460005827,79.40883630001917,79.42242900002748,79.42242900002748,79.42242900002748,81.10763370001223,544,1,[1.6849443000974134],[1.6849535000510514],aj_1,001,2025-11-13_23h00.12.150,intentional_binding,,2025.1.1,59.906856848985115,2025-11-13 23h00.19.340553 +0530,
0.1,400,unexp,18,6,1,space,0.10624550003558397,None,224,1,[1.2250025999965146],[1.2250124000711367],1,6,18,0,81.12329929997213,,81.10787379997782,81.12329929997213,82.10663910000585,82.10663910000585,82.1237280999776,82.22363240004051,space,0.10624550003558397,None,82.22423870000057,82.3227959667022,82.63236569997389,82.61695990001317,82.6175359999761,82.63236569997389,82.63236569997389,82.63236569997389,83.85765670007095,224,1,[1.2250025999965146],[1.2250124000711367],aj_1,001,2025-11-13_23h00.12.150,intentional_binding,,2025.1.1,59.906856848985115,2025-11-13 23h00.19.340553 +0530,
0.7,1000,exp,19,7,1,space,0.05847639997955412,None,465 ,1,[2.9202338999602944],[2.9202417000196874],1,7,19,5,83.87331589998212,,83.85790940001607,83.87331589998212,84.87304279999807,84.87304279999807,84.87304279999807,84.94089040008839,space,0.05847639997955412,None,84.94282870006282,85.65662806673596,85.97007530007977,85.95615640003234,85.95683909999207,85.97007530007977,85.97007530007977,85.97007530007977,88.89073620003182,465 ,1,[2.9202338999602944],[2.9202417000196874],aj_1,001,2025-11-13_23h00.12.150,intentional_binding,,2025.1.1,59.906856848985115,2025-11-13 23h00.19.340553 +0530,
0.1,1000,exp,20,8,1,space,0.0023649000795558095,None, 345,1,[1.5762022999115288],[1.5762103999732062],1,8,20,6,88.90627210005186,,88.89116250001825,88.90627210005186,89.90629820001777,89.90629820001777,89.90629820001777,89.9238469999982,space,0.0023649000795558095,None,89.92495240003336,90.03992446669533,90.34754810004961,90.33608100004494,90.33662469999399,90.34754810004961,90.34754810004961,90.34754810004961,91.92401780001819, 345,1,[1.5762022999115288],[1.5762103999732062],aj_1,001,2025-11-13_23h00.12.150,intentional_binding,,2025.1.1,59.906856848985115,2025-11-13 23h00.19.340553 +0530,
0.4,1000,exp,21,9,1,space,0.14238590002059937,None,467   ,1,[2.8129316000267863],[2.812940200092271],1,9,21,4,91.93943700008094,,91.92424750002101,91.93943700008094,92.9398425000254,92.9398425000254,92.9398425000254,93.090118000051,space,0.14238590002059937,None,93.09085869998671,93.4896979666703,93.79382919997443,93.78610670007765,93.78664690000005,93.79382919997443,93.79382919997443,93.79382919997443,96.60706090007443,467   ,1,[2.8129316000267863],[2.812940200092271],aj_1,001,2025-11-13_23h00.12.150,intentional_binding,,2025.1.1,59.906856848985115,2025-11-13 23h00.19.340553 +0530,
0.7,1000,exp,22,10,1,space,0.004857299965806305,None,678,1,[1.4733680000063032],[1.473380499985069],1,10,22,8,96.62301860004663,,96.60730350005906,96.62301860004663,97.60614990000613,97.60614990000613,97.62340679997578,97.62407840008382,space,0.004857299965806305,None,97.62508320005145,98.33927616669486,98.65034960000776,98.63385600002948,98.6344399000518,98.65034960000776,98.65034960000776,98.65034960000776,100.12401750008576,678,1,[1.4733680000063032],[1.473380499985069],aj_1,001,2025-11-13_23h00.12.150,intentional_binding,,2025.1.1,59.906856848985115,2025-11-13 23h00.19.340553 +0530,
0.7,1000,exp,23,11,1,space,0.013193399994634092,None,234,1,[1.3067431000526994],[1.3067541000200436],1,11,23,11,100.13996370008681,,100.12423820002005,100.13996370008681,101.13993110007141,101.13993110007141,101.13993110007141,101.15729170001578,space,0.013193399994634092,None,101.15851850004401,101.85638786672304,102.1671556000365,102.1536881000502,102.15428070002235,102.1671556000365,102.1671556000365,102.1671556000365,103.47423310007434,234,1,[1.3067431000526994],[1.3067541000200436],aj_1,001,2025-11-13_23h00.12.150,intentional_binding,,2025.1.1,59.906856848985115,2025-11-13 23h00.19.340553 +0530,
0.7,1000,exp,24,0,2,space,0.17376949999015778,None,322   ,1,[3.5860442001139745],[3.5860576000995934],2,0,24,11,103.48955380008556,,103.47455410007387,103.48955380008556,104.48978359997272,104.48978359997272,104.48978359997272,104.67392740002833,space,0.17376949999015778,None,104.67510029999539,105.38953646674442,105.7042774000438,105.68926880008075,105.6899957000278,105.7042774000438,105.7042774000438,105.7042774000438,109.29074930003844,322   ,1,[3.5860442001139745],[3.5860576000995934],aj_1,001,2025-11-13_23h00.12.150,intentional_binding,,2025.1.1,59.906856848985115,2025-11-13 23h00.19.340553 +0530,
0.4,1000,exp,25,1,2,space,0.0101595000596717,None,452  ,1,[2.370131899951957],[2.370140399900265],2,1,25,10,109.3059078999795,,109.29100030008703,109.3059078999795,110.28989210003056,110.28989210003056,110.3064259000821,110.30728020006791,space,0.0101595000596717,None,110.30872720002662,110.7230036666772,111.0361648000544,111.0233811000362,111.02443950006273,111.0361648000544,111.0361648000544,111.0361648000544,113.40658820001408,452  ,1,[2.370131899951957],[2.370140399900265],aj_1,001,2025-11-13_23h00.12.150,intentional_binding,,2025.1.1,59.906856848985115,2025-11-13 23h00.19.340553 +0530,
0.1,1000,exp,26,2,2,space,0.19294099998660386,None,2324,1,[2.06809549999889],[2.0681039000628516],2,2,26,6,113.42277369997464,,113.40686620003544,113.42277369997464,114.40630230004899,114.40630230004899,114.42279990005773,114.60664420004468,space,0.19294099998660386,None,114.60727839998435,114.70636156673233,115.02179040003102,115.00790620001499,115.00875849998556,115.02179040003102,115.02179040003102,115.02179040003102,117.0901369000785,2324,1,[2.06809549999889],[2.0681039000628516],aj_1,001,2025-11-13_23h00.12.150,intentional_binding,,2025.1.1,59.906856848985115,2025-11-13 23h00.19.340553 +0530,
0.7,400,unexp,27,3,2,space,0.05583680002018809,None,355,1,[1.7359723000554368],[1.735988200060092],2,3,27,2,117.10600490006618,,117.09037350001745,117.10600490006618,118.08982640004251,118.08982640004251,118.10610760003328,118.15747159998864,space,0.05583680002018809,None,118.1584898000583,118.87263956672201,119.18822250002995,119.17647519998718,119.17710900004022,119.18822250002995,119.18822250002995,119.18822250002995,120.9245804999955,355,1,[1.7359723000554368],[1.735988200060092],aj_1,001,2025-11-13_23h00.12.150,intentional_binding,,2025.1.1,59.906856848985115,2025-11-13 23h00.19.340553 +0530,
0.7,1000,exp,28,4,2,space,0.01368979993276298,None,356,1,[1.363881399971433],[1.363894399954006],2,4,28,8,120.93945539998822,,120.92490189999808,120.93945539998822,121.9396909000352,121.9396909000352,121.9396909000352,121.9570305000525,space,0.01368979993276298,None,121.95840800006408,122.67249496671526,122.97643360006623,122.96650560002308,122.96734910004307,122.97643360006623,122.97643360006623,122.97643360006623,124.34067669999786,356,1,[1.363881399971433],[1.363894399954006],aj_1,001,2025-11-13_23h00.12.150,intentional_binding,,2025.1.1,59.906856848985115,2025-11-13 23h00.19.340553 +0530,
0.7,1000,exp,29,5,2,space,0.22532430000137538,None,234  ,1,[2.0404184999642894],[2.0404283000389114],2,5,29,5,124.35613059997559,,124.34106740006246,124.35613059997559,125.35629780008458,125.35629780008458,125.35629780008458,125.59049580001738,space,0.22532430000137538,None,125.59169690008275,126.306337866645,126.61640519998036,126.60274070000742,126.60340530006215,126.61640519998036,126.61640519998036,126.61640519998036,128.65711460006423,234  ,1,[2.0404184999642894],[2.0404283000389114],aj_1,001,2025-11-13_23h00.12.150,intentional_binding,,2025.1.1,59.906856848985115,2025-11-13 23h00.19.340553 +0530,
0.1,400,unexp,30,6,2,space,0.023145199986174703,None, 345,1,[1.2973940999945626],[1.2974069999763742],2,6,30,0,128.67289789998904,,128.657364099985,128.67289789998904,129.65654500003438,129.65654500003438,129.67302550002933,129.6901573999785,space,0.023145199986174703,None,129.6911633000709,129.78951796674326,130.09313739999197,130.08407410001382,130.08439179998823,130.09313739999197,130.09313739999197,130.09313739999197,131.390921000042, 345,1,[1.2973940999945626],[1.2974069999763742],aj_1,001,2025-11-13_23h00.12.150,intentional_binding,,2025.1.1,59.906856848985115,2025-11-13 23h00.19.340553 +0530,
0.4,1000,exp,31,7,2,space,0.1937322000740096,None,456    ,1,[3.4711046000011265],[3.471115199965425],2,7,31,7,131.40640390000772,,131.39137209998444,131.40640390000772,132.40627520007547,132.40627520007547,132.40627520007547,132.60709080006927,space,0.1937322000740096,None,132.60773980000522,133.0228980667346,133.33603750006296,133.32365570007823,133.32427059998736,133.33603750006296,133.33603750006296,133.33603750006296,136.80750230001286,456    ,1,[3.4711046000011265],[3.471115199965425],aj_1,001,2025-11-13_23h00.12.150,intentional_binding,,2025.1.1,59.906856848985115,2025-11-13 23h00.19.340553 +0530,
0.1,1000,exp,32,8,2,space,0.13443229999393225,None,  653,1,[1.6583226000657305],[1.6583303000079468],2,8,32,3,136.8227453000145,,136.8077912000008,136.8227453000145,137.82307060004678,137.82307060004678,137.82307060004678,137.9739877000684,space,0.13443229999393225,None,137.97487240005285,138.0893919666453,138.39808309997898,138.3886240000138,138.39055770006962,138.39808309997898,138.39808309997898,138.39808309997898,140.05668989999685,  653,1,[1.6583226000657305],[1.6583303000079468],aj_1,001,2025-11-13_23h00.12.150,intentional_binding,,2025.1.1,59.906856848985115,2025-11-13 23h00.19.340553 +0530,
0.4,1000,exp,33,9,2,space,0.1971184000140056,None,234,1,[1.4615384000353515],[1.4615482999943197],2,9,33,4,140.0725876999786,,140.0569126000628,140.0725876999786,141.05606980004814,141.05606980004814,141.07264280004892,141.25639820005745,space,0.1971184000140056,None,141.2568018999882,141.65595646674436,141.96155940007884,141.95501440006774,141.95531320001464,141.96155940007884,141.96155940007884,141.96155940007884,143.42342820006888,234,1,[1.4615384000353515],[1.4615482999943197],aj_1,001,2025-11-13_23h00.12.150,intentional_binding,,2025.1.1,59.906856848985115,2025-11-13 23h00.19.340553 +0530,
0.4,400,unexp,34,10,2,space,0.08528159989509732,None,6456  ,1,[2.357527600019239],[2.3575405000010505],2,10,34,1,143.43952320003882,,143.42369840003084,143.43952320003882,144.43959600001108,144.43959600001108,144.43959600001108,144.5405916000018,space,0.08528159989509732,None,144.54180150001775,144.9560762666554,145.2662795999786,145.25714360002894,145.258187700063,145.2662795999786,145.2662795999786,145.2662795999786,147.62411169998813,6456  ,1,[2.357527600019239],[2.3575405000010505],aj_1,001,2025-11-13_23h00.12.150,intentional_binding,,2025.1.1,59.906856848985115,2025-11-13 23h00.19.340553 +0530,
0.1,1000,exp,35,11,2,space,0.04285710002295673,None,342,1,[1.1564889999572188],[1.156501599936746],2,11,35,9,147.63926319999155,,147.62439680006355,147.63926319999155,148.6396746999817,148.6396746999817,148.6396746999817,148.6904170999769,space,0.04285710002295673,None,148.69187580002472,148.7896453666656,149.10037180001382,149.08335219998844,149.0842664000811,149.10037180001382,149.10037180001382,149.10037180001382,150.2572710000677,342,1,[1.1564889999572188],[1.156501599936746],aj_1,001,2025-11-13_23h00.12.150,intentional_binding,,2025.1.1,59.906856848985115,2025-11-13 23h00.19.340553 +0530,
0.1,1000,exp,36,0,3,space,0.510298699955456,None, 634,1,[2.3924961999291554],[2.3925100999185815],3,0,36,6,150.2728805000661,,150.2575892000459,150.2728805000661,151.2722867000848,151.2722867000848,151.2722867000848,151.7901893000817,space,0.510298699955456,None,151.79126249998808,151.8894040666676,152.19849159999285,152.18479020008817,152.18535819998942,152.19849159999285,152.19849159999285,152.19849159999285,154.59141650004312, 634,1,[2.3924961999291554],[2.3925100999185815],aj_1,001,2025-11-13_23h00.12.150,intentional_binding,,2025.1.1,59.906856848985115,2025-11-13 23h00.19.340553 +0530,
0.7,1000,exp,37,1,3,space,0.05609940004069358,None,423,1,[1.4134032999863848],[1.4134124000556767],3,1,37,8,154.60609650006518,,154.5918318000622,154.60609650006518,155.60581870004535,155.60581870004535,155.60581870004535,155.6737390999915,space,0.05609940004069358,None,155.67479199997615,156.38920256664667,156.69353520008735,156.68249330006074,156.68342600006144,156.69353520008735,156.69353520008735,156.69353520008735,158.10732140007894,423,1,[1.4134032999863848],[1.4134124000556767],aj_1,001,2025-11-13_23h00.12.150,intentional_binding,,2025.1.1,59.906856848985115,2025-11-13 23h00.19.340553 +0530,
0.4,1000,exp,38,2,3,space,0.11640910001005977,None,245,1,[4.5163171999156475],[4.516332799918018],3,2,38,10,158.12261209997814,,158.10751900007017,158.12261209997814,159.1230187000474,159.1230187000474,159.1230187000474,159.25621770008001,space,0.11640910001005977,None,159.25682220002636,159.65600816667236,159.97374130005483,159.95858900004532,159.95920030004345,159.97374130005483,159.97374130005483,159.97374130005483,164.49056379997637,245,1,[4.5163171999156475],[4.516332799918018],aj_1,001,2025-11-13_23h00.12.150,intentional_binding,,2025.1.1,59.906856848985115,2025-11-13 23h00.19.340553 +0530,
0.4,1000,exp,39,3,3,space,0.01201300008688122,None,133,1,[1.4358539999229833],[1.4358619999838993],3,3,39,4,164.5059039000189,,164.49102720001247,164.5059039000189,165.50579640001524,165.50579640001524,165.50579640001524,165.52312260004692,space,0.01201300008688122,None,165.5237956000492,165.9228539666549,166.23726000008173,166.22327369998675,166.22387890005484,166.23726000008173,166.23726000008173,166.23726000008173,167.67336670006625,133,1,[1.4358539999229833],[1.4358619999838993],aj_1,001,2025-11-13_23h00.12.150,intentional_binding,,2025.1.1,59.906856848985115,2025-11-13 23h00.19.340553 +0530,
0.1,400,unexp,40,4,3,space,0.05224570003338158,None,245,1,[1.3732140999054536],[1.3732242999831215],3,4,40,0,167.6893464999739,,167.6735878000036,167.6893464999739,168.67296540003736,168.67296540003736,168.68942940002307,168.74025090003852,space,0.05224570003338158,None,168.74211670004297,168.85588666674838,169.16678970004432,169.15810590004548,169.1585090000881,169.16678970004432,169.16678970004432,169.16678970004432,170.54036770004313,245,1,[1.3732140999054536],[1.3732242999831215],aj_1,001,2025-11-13_23h00.12.150,intentional_binding,,2025.1.1,59.906856848985115,2025-11-13 23h00.19.340553 +0530,
0.7,400,unexp,41,5,3,space,0.056955100037157536,None,666,1,[1.2860239000292495],[1.2860384000232443],3,5,41,2,170.55569449998438,,170.54069100006018,170.55569449998438,171.55602120002732,171.55602120002732,171.55602120002732,171.62332640006207,space,0.056955100037157536,None,171.62442840007134,172.32263786666252,172.63767900003586,172.62492920004297,172.6274264000822,172.63767900003586,172.63767900003586,172.63767900003586,173.92425899999216,666,1,[1.2860239000292495],[1.2860384000232443],aj_1,001,2025-11-13_23h00.12.150,intentional_binding,,2025.1.1,59.906856848985115,2025-11-13 23h00.19.340553 +0530,
0.7,1000,exp,42,6,3,space,0.061367399990558624,None,444 ,1,[2.6038596000289544],[2.603879800066352],3,6,42,5,173.93927319999784,,173.9245478999801,173.93927319999784,174.9393592000706,174.9393592000706,174.9393592000706,175.006573199993,space,0.061367399990558624,None,175.00767110008746,175.70587616664514,176.01984439999796,176.004347100039,176.0053903000662,176.01984439999796,176.01984439999796,176.01984439999796,178.624329400016,444 ,1,[2.6038596000289544],[2.603879800066352],aj_1,001,2025-11-13_23h00.12.150,intentional_binding,,2025.1.1,59.906856848985115,2025-11-13 23h00.19.340553 +0530,
0.7,1000,exp,43,7,3,space,0.06942549999803305,None,111,1,[1.3902424999978393],[1.3902539000846446],3,7,43,11,178.63931410002988,,178.6248409000691,178.63931410002988,179.6391891000094,179.6391891000094,179.6391891000094,179.7235067000147,space,0.06942549999803305,None,179.72491980006453,180.43904116674483,180.74986400001217,180.73972940002568,180.74020470003597,180.74986400001217,180.74986400001217,180.74986400001217,182.1404931000434,111,1,[1.3902424999978393],[1.3902539000846446],aj_1,001,2025-11-13_23h00.12.150,intentional_binding,,2025.1.1,59.906856848985115,2025-11-13 23h00.19.340553 +0530,
0.4,400,unexp,44,8,3,space,0.03988920000847429,None,452,1,[1.2901879000710323],[1.2901973000261933],3,8,44,1,182.15588680002838,,182.14087450003717,182.15588680002838,183.15603980002925,183.15603980002925,183.15603980002925,183.20582100003958,space,0.03988920000847429,None,183.20619310007896,183.60591936664812,183.9159380000783,183.90596400003415,183.9078827999765,183.9159380000783,183.9159380000783,183.9159380000783,185.20642940001562,452,1,[1.2901879000710323],[1.2901973000261933],aj_1,001,2025-11-13_23h00.12.150,intentional_binding,,2025.1.1,59.906856848985115,2025-11-13 23h00.19.340553 +0530,
0.4,1000,exp,45,9,3,space,0.1311551999533549,None,234,1,[4.3242975999601185],[4.324314199970104],3,9,45,7,185.22277780005243,,185.2067288000835,185.22277780005243,186.20596050005406,186.20596050005406,186.22260249999817,186.33996840007603,space,0.1311551999533549,None,186.34115690004546,186.73931446666055,187.04941029998008,187.03634049999528,187.03699860000052,187.04941029998008,187.04941029998008,187.04941029998008,191.37413290003315,234,1,[4.3242975999601185],[4.324314199970104],aj_1,001,2025-11-13_23h00.12.150,intentional_binding,,2025.1.1,59.906856848985115,2025-11-13 23h00.19.340553 +0530,
0.1,1000,exp,46,10,3,space,0.039079700014553964,None,356,1,[1.5837013000855222],[1.5837116000475362],3,10,46,3,191.3893208000809,,191.37456420005765,191.3893208000809,192.3892777999863,192.3892777999863,192.3892777999863,192.44001710007433,space,0.039079700014553964,None,192.4414831000613,192.55567976663977,192.87269460002426,192.8570734000532,192.85767230007332,192.87269460002426,192.87269460002426,192.87269460002426,194.4567270000698,356,1,[1.5837013000855222],[1.5837116000475362],aj_1,001,2025-11-13_23h00.12.150,intentional_binding,,2025.1.1,59.906856848985115,2025-11-13 23h00.19.340553 +0530,
0.1,1000,exp,47,11,3,space,0.13420830003451556,None,543,1,[1.4098741000052541],[1.4099110000533983],3,11,47,9,194.47259380004834,,194.45704130001832,194.47259380004834,195.47257690003607,195.47257690003607,195.47257690003607,195.6233284000773,space,0.13420830003451556,None,195.62435310008004,195.73926736665115,196.0462965000188,196.03449049999472,196.0374209000729,196.0462965000188,196.0462965000188,196.0462965000188,197.45659409998916,543,1,[1.4098741000052541],[1.4099110000533983],aj_1,001,2025-11-13_23h00.12.150,intentional_binding,,2025.1.1,59.906856848985115,2025-11-13 23h00.19.340553 +0530,
0.1,1000,exp,48,0,4,space,0.2632037000730634,None, 35634,1,[1.443777000065893],[1.4437888000393286],4,0,48,9,197.47245710005518,,197.45693460002076,197.47245710005518,198.45598319999408,198.45598319999408,198.47253020002972,198.7234159000218,space,0.2632037000730634,None,198.72501150006428,198.838656966753,199.14637920004316,199.1372419000836,199.13801800005604,199.14637920004316,199.14637920004316,199.14637920004316,200.5905599000398, 35634,1,[1.443777000065893],[1.4437888000393286],aj_1,001,2025-11-13_23h00.12.150,intentional_binding,,2025.1.1,59.906856848985115,2025-11-13 23h00.19.340553 +0530,
0.1,1000,exp,49,1,4,space,0.12159019999671727,None,25424,1,[1.2434013000456616],[1.2434130000183359],4,1,49,6,200.6060522000771,,200.59097730007488,200.6060522000771,201.60550040006638,201.60550040006638,201.60550040006638,201.73991270002443,space,0.12159019999671727,None,201.74112690007314,201.83900716674205,202.14674039999954,202.1358537999913,202.13804660004098,202.14674039999954,202.14674039999954,202.14674039999954,203.39055860007647,25424,1,[1.2434013000456616],[1.2434130000183359],aj_1,001,2025-11-13_23h00.12.150,intentional_binding,,2025.1.1,59.906856848985115,2025-11-13 23h00.19.340553 +0530,
0.1,1000,exp,50,2,4,space,0.012062699999660254,None,244,1,[2.260117399971932],[2.260132999974303],4,2,50,3,203.40598630008753,,203.39094900002237,203.40598630008753,204.4059701000806,204.4059701000806,204.4059701000806,204.42341040004976,space,0.012062699999660254,None,204.42445559997577,204.53906216664862,204.8470770000713,204.83446619997267,204.8357616000576,204.8470770000713,204.8470770000713,204.8470770000713,207.10773940000217,244,1,[2.260117399971932],[2.260132999974303],aj_1,001,2025-11-13_23h00.12.150,intentional_binding,,2025.1.1,59.906856848985115,2025-11-13 23h00.19.340553 +0530,
0.7,1000,exp,51,3,4,space,0.046862300019711256,None,345n   ,1,[2.7729493000078946],[2.7729595999699086],4,3,51,11,207.12251610006206,,207.10824139998294,207.12251610006206,208.1226450999966,208.1226450999966,208.1226450999966,208.17308650002815,space,0.046862300019711256,None,208.17412640003022,208.87221216672722,209.18357450002804,209.1734838000266,209.17395920003764,209.18357450002804,209.18357450002804,209.18357450002804,211.95685449999291,345n   ,1,[2.7729493000078946],[2.7729595999699086],aj_1,001,2025-11-13_23h00.12.150,intentional_binding,,2025.1.1,59.906856848985115,2025-11-13 23h00.19.340553 +0530,
0.7,1000,exp,52,4,4,space,0.06008750002365559,None,244 ,1,[2.088914899970405],[2.0889279999537393],4,4,52,5,211.9724682000233,,211.95712690008804,211.9724682000233,212.97252589999698,212.97252589999698,212.97252589999698,213.03984510002192,space,0.06008750002365559,None,213.04118569998536,213.7392191667498,214.0506324999733,214.0349642999936,214.03556520002894,214.0506324999733,214.0506324999733,214.0506324999733,216.139918699977,244 ,1,[2.088914899970405],[2.0889279999537393],aj_1,001,2025-11-13_23h00.12.150,intentional_binding,,2025.1.1,59.906856848985115,2025-11-13 23h00.19.340553 +0530,
0.4,1000,exp,53,5,4,space,0.08788719994481653,None,34534,1,[1.1577793000033125],[1.1577868999447674],4,5,53,10,216.15593160002027,,216.14030670002103,216.15593160002027,217.13925330003258,217.13925330003258,217.15571510000154,217.23951910005417,space,0.08788719994481653,None,217.24035810003988,217.63922436669625,217.94863780005835,217.93695260002278,217.9380591000663,217.94863780005835,217.94863780005835,217.94863780005835,219.10667800006922,34534,1,[1.1577793000033125],[1.1577868999447674],aj_1,001,2025-11-13_23h00.12.150,intentional_binding,,2025.1.1,59.906856848985115,2025-11-13 23h00.19.340553 +0530,
0.4,1000,exp,54,6,4,space,0.16692980006337166,None,545,1,[2.1570669000502676],[2.157072899979539],4,6,54,4,219.12217250000685,,219.10690430004615,219.12217250000685,220.12237970007118,220.12237970007118,220.12237970007118,220.30597670003772,space,0.16692980006337166,None,220.30663380003534,220.70566186664317,221.01590500003658,221.00289810006507,221.0035024000099,221.01590500003658,221.01590500003658,221.01590500003658,223.17321100004483,545,1,[2.1570669000502676],[2.157072899979539],aj_1,001,2025-11-13_23h00.12.150,intentional_binding,,2025.1.1,59.906856848985115,2025-11-13 23h00.19.340553 +0530,
0.7,1000,exp,55,7,4,space,0.5051401000237092,None,134,1,[1.6887389000039548],[1.6887457999400795],4,7,55,8,223.1890037000412,,223.17345000000205,223.1890037000412,224.18904910003766,224.18904910003766,224.18904910003766,224.70589710003696,space,0.5051401000237092,None,224.70683839998674,225.40546946664497,225.7173793000402,225.70638019999024,225.7073218000587,225.7173793000402,225.7173793000402,225.7173793000402,227.4064536000369,134,1,[1.6887389000039548],[1.6887457999400795],aj_1,001,2025-11-13_23h00.12.150,intentional_binding,,2025.1.1,59.906856848985115,2025-11-13 23h00.19.340553 +0530,
0.1,400,unexp,56,8,4,space,0.047663799952715635,None,653,1,[1.4961062000365928],[1.4961139999795705],4,8,56,0,227.42233560001478,,227.40665860008448,227.42233560001478,228.4222737000091,228.4222737000091,228.4222737000091,228.47276430006605,space,0.047663799952715635,None,228.47356890002266,228.57210356666863,228.87737580004614,228.86562880000565,228.86626550008077,228.87737580004614,228.87737580004614,228.87737580004614,230.37376099999528,653,1,[1.4961062000365928],[1.4961139999795705],aj_1,001,2025-11-13_23h00.12.150,intentional_binding,,2025.1.1,59.906856848985115,2025-11-13 23h00.19.340553 +0530,
0.4,1000,exp,57,9,4,space,1.6854950999841094,None,777  ,1,[2.375115100061521],[2.375121199991554],4,9,57,7,230.38884180004243,,230.37400539999362,230.38884180004243,231.38889300008304,231.38889300008304,231.38889300008304,233.0892227999866,space,1.6854950999841094,None,233.09008550003637,233.48889146669924,233.79782820004039,233.7864548000507,233.78829060005955,233.79782820004039,233.79782820004039,233.79782820004039,236.1732019999763,777  ,1,[2.375115100061521],[2.375121199991554],aj_1,001,2025-11-13_23h00.12.150,intentional_binding,,2025.1.1,59.906856848985115,2025-11-13 23h00.19.340553 +0530,
0.4,400,unexp,58,10,4,space,0.07897099992260337,None, 34677  ,1,[2.443314000032842],[2.443324099993333],4,10,58,1,236.18896230007522,,236.17338370007928,236.18896230007522,237.18884519999847,237.18884519999847,237.18884519999847,237.2727026999928,space,0.07897099992260337,None,237.27338590007275,237.6717748667036,237.98007090005558,237.966929599992,237.96923749998678,237.98007090005558,237.98007090005558,237.98007090005558,240.42365850007627, 34677  ,1,[2.443314000032842],[2.443324099993333],aj_1,001,2025-11-13_23h00.12.150,intentional_binding,,2025.1.1,59.906856848985115,2025-11-13 23h00.19.340553 +0530,
0.7,400,unexp,59,11,4,space,0.022464499925263226,None,423,1,[1.212722200085409],[1.2127322000451386],4,11,59,2,240.43869650003035,,240.42388540005777,240.43869650003035,241.43874090001918,241.43874090001918,241.43874090001918,241.47343150002416,space,0.022464499925263226,None,241.4746344999876,242.18893226673052,242.4938180000754,242.48318440001458,242.48499819997232,242.4938180000754,242.4938180000754,242.4938180000754,243.70686450006906,423,1,[1.212722200085409],[1.2127322000451386],aj_1,001,2025-11-13_23h00.12.150,intentional_binding,,2025.1.1,59.906856848985115,2025-11-13 23h00.19.340553 +0530,
0.7,1000,exp,60,0,5,space,2.083191299927421,None,234,1,[1.2438001000555232],[1.243812800035812],5,0,60,5,243.7219199000392,,243.70722149999347,243.7219199000392,244.72204520006198,244.72204520006198,244.72204520006198,246.82268900005147,space,2.083191299927421,None,246.8235832999926,247.53875576664385,247.84624810004607,247.8359098000219,247.8364076000871,247.84624810004607,247.84624810004607,247.84624810004607,249.0905030000722,234,1,[1.2438001000555232],[1.243812800035812],aj_1,001,2025-11-13_23h00.12.150,intentional_binding,,2025.1.1,59.906856848985115,2025-11-13 23h00.19.340553 +0530,
0.7,1000,exp,61,1,5,space,0.0033475999953225255,None,000- ,1,[9.159218200016767],[9.159231400000863],5,1,61,8,249.10554130002856,,249.09094460005872,249.10554130002856,250.10573309997562,250.10573309997562,250.10573309997562,250.12317739997525,space,0.0033475999953225255,None,250.12416970008053,250.83892246667918,251.14654270000756,251.13459640007932,251.1352034000447,251.14654270000756,251.14654270000756,251.14654270000756,260.30616779997945,000- ,1,[9.159218200016767],[9.159231400000863],aj_1,001,2025-11-13_23h00.12.150,intentional_binding,,2025.1.1,59.906856848985115,2025-11-13 23h00.19.340553 +0530,
0.7,400,unexp,62,2,5,space,0.007202400011010468,None,2343 ,1,[2.4863919999916106],[2.4864022000692785],5,2,62,2,260.32217080006376,,260.3065421000356,260.32217080006376,261.32206530007534,261.32206530007534,261.32206530007534,261.3394464000594,space,0.007202400011010468,None,261.3402162999846,262.0392466666565,262.35267930000555,262.33654440008104,262.3376928999787,262.35267930000555,262.35267930000555,262.35267930000555,264.83948139997665,2343 ,1,[2.4863919999916106],[2.4864022000692785],aj_1,001,2025-11-13_23h00.12.150,intentional_binding,,2025.1.1,59.906856848985115,2025-11-13 23h00.19.340553 +0530,
0.4,400,unexp,63,3,5,space,0.10952209995593876,None,234,1,[2.3671133999014273],[2.367120699957013],5,3,63,1,264.8553577000275,,264.83976000000257,264.8553577000275,265.838970300043,265.838970300043,265.8553299000487,265.9563619000837,space,0.10952209995593876,None,265.95770640007686,266.37188086664924,266.68889860005584,266.6732453000732,266.67385180003475,266.68889860005584,266.68889860005584,266.68889860005584,269.05629019998014,234,1,[2.3671133999014273],[2.367120699957013],aj_1,001,2025-11-13_23h00.12.150,intentional_binding,,2025.1.1,59.906856848985115,2025-11-13 23h00.19.340553 +0530,
0.4,1000,exp,64,4,5,space,2.2025183000368997,None,666,1,[1.27400720003061],[1.2740168999880552],5,4,64,4,269.07166350004263,,269.0565152000636,269.07166350004263,270.07244040002115,270.07244040002115,270.07244040002115,272.2897119000554,space,2.2025183000368997,None,272.29043619998265,272.70492836664585,273.0151251000352,273.00435499998275,273.00676560006104,273.0151251000352,273.0151251000352,273.0151251000352,274.2894725999795,666,1,[1.27400720003061],[1.2740168999880552],aj_1,001,2025-11-13_23h00.12.150,intentional_binding,,2025.1.1,59.906856848985115,2025-11-13 23h00.19.340553 +0530,
0.1,1000,exp,65,5,5,space,2.442045700037852,None,233,1,[1.3520691000157967],[1.3520763999549672],5,5,65,3,274.3052128000418,,274.2898001000285,274.3052128000418,275.2889522999758,275.2889522999758,275.30541570007335,277.73980059998576,space,2.442045700037852,None,277.74091940000653,277.85529516666816,278.17062129999977,278.1561085000867,278.156731700059,278.17062129999977,278.17062129999977,278.17062129999977,279.5229450999759,233,1,[1.3520691000157967],[1.3520763999549672],aj_1,001,2025-11-13_23h00.12.150,intentional_binding,,2025.1.1,59.906856848985115,2025-11-13 23h00.19.340553 +0530,
0.1,1000,exp,66,6,5,space,0.3248359999852255,None, 234,1,[1.491133000003174],[1.4911408999469131],5,6,66,6,279.5386074000271,,279.5231721000746,279.5386074000271,280.53894860006403,280.53894860006403,280.53894860006403,280.872071800055,space,0.3248359999852255,None,280.8727042999817,280.9717863667213,281.2810987000121,281.274141300004,281.27446190000046,281.2810987000121,281.2810987000121,281.2810987000121,282.7725754000712, 234,1,[1.491133000003174],[1.4911408999469131],aj_1,001,2025-11-13_23h00.12.150,intentional_binding,,2025.1.1,59.906856848985115,2025-11-13 23h00.19.340553 +0530,
0.1,1000,exp,67,7,5,space,0.14412690000608563,None,542  ,1,[2.875684899976477],[2.8756992999697104],5,7,67,9,282.78859430004377,,282.77282289997675,282.78859430004377,283.7885576999979,283.7885576999979,283.7885576999979,283.93858580000233,space,0.14412690000608563,None,283.9390503000468,284.0388140667385,284.3472700000275,284.33772279997356,284.338408300071,284.3472700000275,284.3472700000275,284.3472700000275,287.2234844000777,542  ,1,[2.875684899976477],[2.8756992999697104],aj_1,001,2025-11-13_23h00.12.150,intentional_binding,,2025.1.1,59.906856848985115,2025-11-13 23h00.19.340553 +0530,
0.7,1000,exp,68,8,5,space,0.03370199992787093,None,2341,1,[1.5935873999260366],[1.5935964999953285],5,8,68,11,287.2384415999986,,287.2238829000853,287.2384415999986,288.2386978000868,288.2386978000868,288.2386978000868,288.2891524999868,space,0.03370199992787093,None,288.2900027000578,288.988404566717,289.29515130002983,289.2846115999855,289.2851760999765,289.29515130002983,289.29515130002983,289.29515130002983,290.88908570003696,2341,1,[1.5935873999260366],[1.5935964999953285],aj_1,001,2025-11-13_23h00.12.150,intentional_binding,,2025.1.1,59.906856848985115,2025-11-13 23h00.19.340553 +0530,
0.1,400,unexp,69,9,5,space,0.10500630002934486,None,123,1,[2.001099699991755],[2.001115799997933],5,9,69,0,290.90501109999605,,290.8893668000819,290.90501109999605,291.8887347000418,291.8887347000418,291.9049830000149,292.00612010003533,space,0.10500630002934486,None,292.0070002999855,292.12186996668265,292.4379986000713,292.4243947999785,292.4248959000688,292.4379986000713,292.4379986000713,292.4379986000713,294.4395782999927,123,1,[2.001099699991755],[2.001115799997933],aj_1,001,2025-11-13_23h00.12.150,intentional_binding,,2025.1.1,59.906856848985115,2025-11-13 23h00.19.340553 +0530,
0.4,1000,exp,70,10,5,space,0.1404810999520123,None,,1,[0.5032164000440389],[0.5032267000060529],5,10,70,10,294.45503950002603,,294.4399970000377,294.45503950002603,295.4551638000412,295.4551638000412,295.4551638000412,295.60552430001553,space,0.1404810999520123,None,295.6064749000361,296.00483106665,296.31931910000276,296.3038450999884,296.3045049000066,296.31931910000276,296.31931910000276,296.31931910000276,296.8228116000537,,1,[0.5032164000440389],[0.5032267000060529],aj_1,001,2025-11-13_23h00.12.150,intentional_binding,,2025.1.1,59.906856848985115,2025-11-13 23h00.19.340553 +0530,
0.4,1000,exp,71,11,5,space,1.8110517000313848,None,,1,[0.816027200082317],[0.816033500013873],5,11,71,7,296.83826830005273,,296.82310220005456,296.83826830005273,297.83863310003653,297.83863310003653,297.83863310003653,299.655729399994,space,1.8110517000313848,None,299.6566192000173,300.05491826666207,300.35633510001935,300.3425961000612,300.34322240005713,300.35633510001935,300.35633510001935,300.35633510001935,301.1726307000499,,1,[0.816027200082317],[0.816033500013873],aj_1,001,2025-11-13_23h00.12.150,intentional_binding,,2025.1.1,59.906856848985115,2025-11-13 23h00.19.340553 +0530,
0.1,400,unexp,72,0,6,space,0.016636300017125905,None,  666,1,[2.272745299967937],[2.272756200050935],6,0,72,0,301.1882056000177,,301.17314239998814,301.1882056000177,302.1722179000499,302.1722179000499,302.1885644000722,302.20560580003075,space,0.016636300017125905,None,302.2064895000076,302.30526866665264,302.6166864000261,302.60641510004643,302.60837310005445,302.6166864000261,302.6166864000261,302.6166864000261,304.88977830007207,  666,1,[2.272745299967937],[2.272756200050935],aj_1,001,2025-11-13_23h00.12.150,intentional_binding,,2025.1.1,59.906856848985115,2025-11-13 23h00.19.340553 +0530,
0.7,1000,exp,73,1,6,space,0.2898461999138817,None,444,1,[1.2694739999715239],[1.2694792000111192],6,1,73,11,304.9051638999954,,304.8900744999992,304.9051638999954,305.90502170007676,305.90502170007676,305.90502170007676,306.2049982000608,space,0.2898461999138817,None,306.2054470999865,306.90523766674255,307.2198982000118,307.20584329997655,307.20671030005906,307.2198982000118,307.2198982000118,307.2198982000118,308.48961050005164,444,1,[1.2694739999715239],[1.2694792000111192],aj_1,001,2025-11-13_23h00.12.150,intentional_binding,,2025.1.1,59.906856848985115,2025-11-13 23h00.19.340553 +0530,
0.7,400,unexp,74,2,6,space,0.10551290004514158,None,333,1,[2.7572898000944406],[2.757297100033611],6,2,74,2,308.50494150002487,,308.4898085000459,308.50494150002487,309.4889319000067,309.4889319000067,309.5050335000269,309.6053454000503,space,0.10551290004514158,None,309.60600390005857,310.3054023667394,310.61506320000626,310.6017372000497,310.60236420005094,310.61506320000626,310.61506320000626,310.61506320000626,313.37260230001993,333,1,[2.7572898000944406],[2.757297100033611],aj_1,001,2025-11-13_23h00.12.150,intentional_binding,,2025.1.1,59.906856848985115,2025-11-13 23h00.19.340553 +0530,
0.7,1000,exp,75,3,6,space,0.1571381000103429,None,22,1,[3.6915302000707015],[3.691544800065458],6,3,75,5,313.3881669000257,,313.3728879999835,313.3881669000257,314.37166980002075,314.37166980002075,314.38829060003627,314.5392250000732,space,0.1571381000103429,None,314.54018450004514,315.23863956664377,315.5474512000801,315.53349310008343,315.534992699977,315.5474512000801,315.5474512000801,315.5474512000801,319.2394817000022,22,1,[3.6915302000707015],[3.691544800065458],aj_1,001,2025-11-13_23h00.12.150,intentional_binding,,2025.1.1,59.906856848985115,2025-11-13 23h00.19.340553 +0530,
0.4,1000,exp,76,4,6,space,0.07578790001571178,None,100,1,[1.6741694000083953],[1.6741776000708342],6,4,76,4,319.2547205000883,,319.23989299999084,319.2547205000883,320.25515470001847,320.25515470001847,320.25515470001847,320.338601400028,space,0.07578790001571178,None,320.3393498000223,320.738518866656,321.04829659999814,321.03440840006806,321.03503640007693,321.04829659999814,321.04829659999814,321.04829659999814,322.72273759997915,100,1,[1.6741694000083953],[1.6741776000708342],aj_1,001,2025-11-13_23h00.12.150,intentional_binding,,2025.1.1,59.906856848985115,2025-11-13 23h00.19.340553 +0530,
0.1,1000,exp,77,5,6,space,0.05717819998972118,None,200,1,[1.6963698999024928],[1.6963813999900594],6,5,77,9,322.73799709999,,322.72299789998215,322.73799709999,323.73831939999945,323.73831939999945,323.73831939999945,323.8060623999918,space,0.05717819998972118,None,323.80754060007166,323.92157986673215,324.2264438000275,324.21606090001296,324.2169775000075,324.2264438000275,324.2264438000275,324.2264438000275,325.92331079998985,200,1,[1.6963698999024928],[1.6963813999900594],aj_1,001,2025-11-13_23h00.12.150,intentional_binding,,2025.1.1,59.906856848985115,2025-11-13 23h00.19.340553 +0530,
0.1,1000,exp,78,6,6,space,0.10499959997832775,None,300,1,[1.7555297000799328],[1.7555433000670746],6,6,78,3,325.93821170006413,,325.92369550000876,325.93821170006413,326.93842740007676,326.93842740007676,326.93842740007676,327.0557638000464,space,0.10499959997832775,None,327.0568479000358,327.1548931666805,327.4668543000007,327.4522474000696,327.4529675000813,327.4668543000007,327.4668543000007,327.4668543000007,329.2228255000664,300,1,[1.7555297000799328],[1.7555433000670746],aj_1,001,2025-11-13_23h00.12.150,intentional_binding,,2025.1.1,59.906856848985115,2025-11-13 23h00.19.340553 +0530,
0.7,1000,exp,79,7,6,space,1.4815331000136212,None,400,1,[2.499855399946682],[2.4998652999056503],6,7,79,8,329.23849510005675,,329.22338290000334,329.23849510005675,330.23851400008425,330.23851400008425,330.23851400008425,331.72233380004764,space,1.4815331000136212,None,331.7233691000147,332.4215903666957,332.7392169000814,332.7233668999979,332.72400150005706,332.7392169000814,332.7392169000814,332.7392169000814,335.2395954000531,400,1,[2.499855399946682],[2.4998652999056503],aj_1,001,2025-11-13_23h00.12.150,intentional_binding,,2025.1.1,59.906856848985115,2025-11-13 23h00.19.340553 +0530,
0.4,1000,exp,80,8,6,space,0.16728310007601976,None,500 ,1,[1.5591896999394521],[1.5592040999326855],6,8,80,10,335.2546751999762,,335.239978000056,335.2546751999762,336.25455760001205,336.25455760001205,336.25455760001205,336.4392427999992,space,0.16728310007601976,None,336.44034660002217,336.83853976667547,337.1463361000642,337.13367810007185,337.1345097000012,337.1463361000642,337.1463361000642,337.1463361000642,338.70588989998214,500 ,1,[1.5591896999394521],[1.5592040999326855],aj_1,001,2025-11-13_23h00.12.150,intentional_binding,,2025.1.1,59.906856848985115,2025-11-13 23h00.19.340553 +0530,
0.1,1000,exp,81,9,6,space,0.10677499999292195,None,600,1,[1.540760700008832],[1.5407732999883592],6,9,81,6,338.7215737000806,,338.7062021000311,338.7215737000806,339.7216054999735,339.7216054999735,339.7216054999735,339.83869440003764,space,0.10677499999292195,None,339.8395796000259,339.9381842667392,340.24811070004944,340.2327288000379,340.23330189997796,340.24811070004944,340.24811070004944,340.24811070004944,341.7893209999893,600,1,[1.540760700008832],[1.5407732999883592],aj_1,001,2025-11-13_23h00.12.150,intentional_binding,,2025.1.1,59.906856848985115,2025-11-13 23h00.19.340553 +0530,
0.4,1000,exp,82,10,6,space,2.593679500045255,None,700  ,1,[4.910099699976854],[4.910108100040816],6,10,82,7,341.80469280004036,,341.7896671000635,341.80469280004036,342.78844380006194,342.78844380006194,342.80483360006474,345.38908340001944,space,2.593679500045255,None,345.39018890005536,345.7884383666717,346.0953005000483,346.0869427000871,346.08735050004907,346.0953005000483,346.0953005000483,346.0953005000483,351.0056556999916,700  ,1,[4.910099699976854],[4.910108100040816],aj_1,001,2025-11-13_23h00.12.150,intentional_binding,,2025.1.1,59.906856848985115,2025-11-13 23h00.19.340553 +0530,
0.4,400,unexp,83,11,6,space,0.1911290999269113,None,800,1,[2.2926660000812262],[2.2926737000234425],6,11,83,1,351.02146459999494,,351.0059296999825,351.02146459999494,352.00489320000634,352.00489320000634,352.0214323999826,352.20586560002994,space,0.1911290999269113,None,352.2067710000556,352.62143656664216,352.93004100001417,352.9158687000163,352.9164926999947,352.93004100001417,352.93004100001417,352.93004100001417,355.22295960003976,800,1,[2.2926660000812262],[2.2926737000234425],aj_1,001,2025-11-13_23h00.12.150,intentional_binding,,2025.1.1,59.906856848985115,2025-11-13 23h00.19.340553 +0530,
0.7,1000,exp,84,0,7,space,0.02744980005081743,None,900,1,[2.485922100022435],[2.48593070008792],7,0,84,8,355.2380887999898,,355.2231704000151,355.2380887999898,356.2379638000857,356.2379638000857,356.2379638000857,356.2718873000704,space,0.02744980005081743,None,356.2723317000782,356.9717415667294,357.28631160000805,357.2736701000249,357.27427330007777,357.28631160000805,357.28631160000805,357.28631160000805,359.7725452000741,900,1,[2.485922100022435],[2.48593070008792],aj_1,001,2025-11-13_23h00.12.150,intentional_binding,,2025.1.1,59.906856848985115,2025-11-13 23h00.19.340553 +0530,
0.4,1000,exp,85,1,7,space,0.1425782999722287,None,111,1,[1.6054692000616342],[1.6054829000495374],7,1,85,4,359.78801270003896,,359.7728087999858,359.78801270003896,360.7882144000614,360.7882144000614,360.7882144000614,360.9388203000417,space,0.1425782999722287,None,360.9396808000747,361.3382726667371,361.6504424000159,361.63554609997664,361.6362029000884,361.6504424000159,361.6504424000159,361.6504424000159,363.2563080000691,111,1,[1.6054692000616342],[1.6054829000495374],aj_1,001,2025-11-13_23h00.12.150,intentional_binding,,2025.1.1,59.906856848985115,2025-11-13 23h00.19.340553 +0530,
0.4,1000,exp,86,2,7,space,0.05919579998590052,None,222,1,[1.417942300089635],[1.4179527000524104],7,2,86,7,363.2720396000659,,363.25655240006745,363.2720396000659,364.27152279997244,364.27152279997244,364.27152279997244,364.3388733000029,space,0.05919579998590052,None,364.3400202000048,364.7381096666834,365.05409440002404,365.0402772000525,365.0421777999727,365.05409440002404,365.05409440002404,365.05409440002404,366.47238270007074,222,1,[1.417942300089635],[1.4179527000524104],aj_1,001,2025-11-13_23h00.12.150,intentional_binding,,2025.1.1,59.906856848985115,2025-11-13 23h00.19.340553 +0530,
0.7,1000,exp,87,3,7,space,0.1416042000055313,None,333,1,[2.7421035000588745],[2.7421123000094667],7,3,87,11,366.4878399000736,,366.4727727000136,366.4878399000736,367.48828970000613,367.48828970000613,367.48828970000613,367.6386444000527,space,0.1416042000055313,None,367.63949760003015,368.33814086666484,368.64615230006166,368.63368139998056,368.6343186000595,368.64615230006166,368.64615230006166,368.64615230006166,371.38854630000424,333,1,[2.7421035000588745],[2.7421123000094667],aj_1,001,2025-11-13_23h00.12.150,intentional_binding,,2025.1.1,59.906856848985115,2025-11-13 23h00.19.340553 +0530,
0.1,1000,exp,88,4,7,space,0.005428900010883808,None, 444,1,[2.303557400009595],[2.3035709999967366],7,4,88,6,371.40445899998304,,371.3887912000064,371.40445899998304,372.38835889997426,372.38835889997426,372.40455390000716,372.4054118000204,space,0.005428900010883808,None,372.40645900007803,372.5046386666984,372.81890539999586,372.8017843000125,372.8027015000116,372.81890539999586,372.81890539999586,372.81890539999586,375.1231377000222, 444,1,[2.303557400009595],[2.3035709999967366],aj_1,001,2025-11-13_23h00.12.150,intentional_binding,,2025.1.1,59.906856848985115,2025-11-13 23h00.19.340553 +0530,
0.7,400,unexp,89,5,7,space,0.06544030003715307,None,555,1,[1.706753500038758],[1.7067643000045791],7,5,89,2,375.137822000077,,375.12347990006674,375.137822000077,376.1379003999755,376.1379003999755,376.1379003999755,376.2053743000142,space,0.06544030003715307,None,376.2065547000384,376.904584966662,377.2156457999954,377.2035370999947,377.2044006000506,377.2156457999954,377.2156457999954,377.2156457999954,378.92271990003064,555,1,[1.706753500038758],[1.7067643000045791],aj_1,001,2025-11-13_23h00.12.150,intentional_binding,,2025.1.1,59.906856848985115,2025-11-13 23h00.19.340553 +0530,
0.4,1000,exp,90,6,7,space,1.81825580005534,None,666,1,[1.5706584000727162],[1.5706640999997035],7,6,90,10,378.9379512000596,,378.92303970002104,378.9379512000596,379.93812439998146,379.93812439998146,379.93812439998146,381.77259389997926,space,1.81825580005534,None,381.7735847000731,382.1880566666989,382.5016921000788,382.48746069998015,382.4880389000755,382.5016921000788,382.5016921000788,382.5016921000788,384.0725771000143,666,1,[1.5706584000727162],[1.5706640999997035],aj_1,001,2025-11-13_23h00.12.150,intentional_binding,,2025.1.1,59.906856848985115,2025-11-13 23h00.19.340553 +0530,
0.1,400,unexp,91,7,7,space,0.007002900005318224,None, 777,1,[1.6793344999896362],[1.6793451000703499],7,7,91,0,384.08809960004874,,384.07275920000393,384.08809960004874,385.08798860001843,385.08798860001843,385.08798860001843,385.1049077999778,space,0.007002900005318224,None,385.10577240004204,385.2051057667161,385.5093672000803,385.5010042000795,385.50175380008295,385.5093672000803,385.5093672000803,385.5093672000803,387.18899870000314, 777,1,[1.6793344999896362],[1.6793451000703499],aj_1,001,2025-11-13_23h00.12.150,intentional_binding,,2025.1.1,59.906856848985115,2025-11-13 23h00.19.340553 +0530,
0.4,400,unexp,92,8,7,space,0.1562370000174269,None,888,1,[1.530200499924831],[1.53020869998727],7,8,92,1,387.204339500051,,387.1893041000003,387.204339500051,388.20462710002903,388.20462710002903,388.20462710002903,388.37236729997676,space,0.1562370000174269,None,388.37413080001716,388.7878529667544,389.09206380008254,389.0838017000351,389.0840793000534,389.09206380008254,389.09206380008254,389.09206380008254,390.6225211999845,888,1,[1.530200499924831],[1.53020869998727],aj_1,001,2025-11-13_23h00.12.150,intentional_binding,,2025.1.1,59.906856848985115,2025-11-13 23h00.19.340553 +0530,
0.1,1000,exp,93,9,7,space,0.12772980006411672,None,999,1,[1.406838099937886],[1.4068505000323057],7,9,93,3,390.6377684000181,,390.6227602000581,390.6377684000181,391.6378471000353,391.6378471000353,391.6378471000353,391.77211790008005,space,0.12772980006411672,None,391.7730331000639,391.8878301666739,392.19885330006946,392.1825503000291,392.1843043999979,392.19885330006946,392.19885330006946,392.19885330006946,393.6062709999969,999,1,[1.406838099937886],[1.4068505000323057],aj_1,001,2025-11-13_23h00.12.150,intentional_binding,,2025.1.1,59.906856848985115,2025-11-13 23h00.19.340553 +0530,
0.7,1000,exp,94,10,7,space,0.09319440007675439,None, 123,1,[1.622784600011073],[1.6227907000575215],7,10,94,5,393.62102790002245,,393.6065349000273,393.62102790002245,394.62111050006934,394.62111050006934,394.62111050006934,394.72173039999325,space,0.09319440007675439,None,394.7225282000145,395.4208581667083,395.7318442000542,395.72195550007746,395.7241738999728,395.7318442000542,395.7318442000542,395.7318442000542,397.354834400001, 123,1,[1.622784600011073],[1.6227907000575215],aj_1,001,2025-11-13_23h00.12.150,intentional_binding,,2025.1.1,59.906856848985115,2025-11-13 23h00.19.340553 +0530,
0.1,1000,exp,95,11,7,space,0.011054800008423626,None,124 ,1,[3.3226847000187263],[3.3226958999875933],7,11,95,9,397.37061990005895,,397.3550079000415,397.37061990005895,398.3547813000623,398.3547813000623,398.3709854000481,398.3715741999913,space,0.011054800008423626,None,398.37229249998927,398.47123616672275,398.782961799996,398.77491000003647,398.775487100007,398.782961799996,398.782961799996,398.782961799996,402.1060128000099,124 ,1,[3.3226847000187263],[3.3226958999875933],aj_1,001,2025-11-13_23h00.12.150,intentional_binding,,2025.1.1,59.906856848985115,2025-11-13 23h00.19.340553 +0530,
0.7,400,unexp,96,0,8,space,0.017601800034753978,None,125 ,1,[2.2252485000062734],[2.2252583999652416],8,0,96,2,402.12130940007046,,402.1063213000307,402.12130940007046,403.12143509997986,403.12143509997986,403.12143509997986,403.15520340006333,space,0.017601800034753978,None,403.156208600034,403.8542914667089,404.1628405000083,404.1513277000049,404.15215400001034,404.1628405000083,404.1628405000083,404.1628405000083,406.3884100000141,125 ,1,[2.2252485000062734],[2.2252583999652416],aj_1,001,2025-11-13_23h00.12.150,intentional_binding,,2025.1.1,59.906856848985115,2025-11-13 23h00.19.340553 +0530,
0.7,1000,exp,97,1,8,space,0.1390254000434652,None, 126   ,1,[3.141463899984956],[3.1414747000671923],8,1,97,11,406.40446930006146,,406.38874470000155,406.40446930006146,407.3878621000331,407.3878621000331,407.4040782999946,407.5384029999841,space,0.1390254000434652,None,407.53934180003125,408.23789996671644,408.5466486000223,408.5354384999955,408.5377681000391,408.5466486000223,408.5466486000223,408.5466486000223,411.68839510006364, 126   ,1,[3.141463899984956],[3.1414747000671923],aj_1,001,2025-11-13_23h00.12.150,intentional_binding,,2025.1.1,59.906856848985115,2025-11-13 23h00.19.340553 +0530,
0.4,1000,exp,98,2,8,space,0.26643029996193945,None, 127,1,[1.6944399999920279],[1.6944504000712186],8,2,98,7,411.7041609999724,,411.68869119999,411.7041609999724,412.6879147000145,412.6879147000145,412.7044992999872,412.9719800000312,space,0.26643029996193945,None,412.9733862000285,413.3879013667504,413.6940125999972,413.6827208000468,413.68428550008684,413.6940125999972,413.6940125999972,413.6940125999972,415.38877730001695, 127,1,[1.6944399999920279],[1.6944504000712186],aj_1,001,2025-11-13_23h00.12.150,intentional_binding,,2025.1.1,59.906856848985115,2025-11-13 23h00.19.340553 +0530,
0.7,1000,exp,99,3,8,space,0.08588819997385144,None,128,1,[1.6349362999899313],[1.6349450000561774],8,3,99,8,415.4042698000558,,415.38905490003526,415.4042698000558,416.4045186000876,416.4045186000876,416.4045186000876,416.50490170007106,space,0.08588819997385144,None,416.50571410008706,417.2042343667165,417.5197440000484,417.50526110001374,417.5059002999915,417.5197440000484,417.5197440000484,417.5197440000484,419.1550053000683,128,1,[1.6349362999899313],[1.6349450000561774],aj_1,001,2025-11-13_23h00.12.150,intentional_binding,,2025.1.1,59.906856848985115,2025-11-13 23h00.19.340553 +0530,
0.7,1000,exp,100,4,8,space,0.17052509996574372,None,129 ,1,[2.041957600042224],[2.041964799980633],8,4,100,5,419.1710898000747,,419.15527009998914,419.1710898000747,420.15441010007635,420.15441010007635,420.17117029998917,420.33826900005806,space,0.17052509996574372,None,420.3391021999996,421.0377152667536,421.34607760002837,421.3358385000611,421.3363315999741,421.34607760002837,421.34607760002837,421.34607760002837,423.38826120004524,129 ,1,[2.041957600042224],[2.041964799980633],aj_1,001,2025-11-13_23h00.12.150,intentional_binding,,2025.1.1,59.906856848985115,2025-11-13 23h00.19.340553 +0530,
0.1,1000,exp,101,5,8,space,0.16990169999189675,None,230,1,[13.324194899993017],[13.324210199993104],8,5,101,6,423.4039257999975,,423.3884682999924,423.4039257999975,424.38781850005034,424.38781850005034,424.4041687999852,424.5723463000031,space,0.16990169999189675,None,424.57410269998945,424.6879501667029,424.99801440001465,424.985362800071,424.9860658000689,424.99801440001465,424.99801440001465,424.99801440001465,438.32262310001533,230,1,[13.324194899993017],[13.324210199993104],aj_1,001,2025-11-13_23h00.12.150,intentional_binding,,2025.1.1,59.906856848985115,2025-11-13 23h00.19.340553 +0530,
0.1,400,unexp,102,6,8,space,0.05424259998835623,None,432,1,[11.03866239998024],[11.03867039992474],8,6,102,0,438.3376768999733,,438.322952000075,438.3376768999733,439.3377903000219,439.3377903000219,439.3377903000219,439.4045996000059,space,0.05424259998835623,None,439.40522120008245,439.5041974667149,439.816196699976,439.80769300006796,439.8082204000093,439.816196699976,439.816196699976,439.816196699976,450.8551461000461,432,1,[11.03866239998024],[11.03867039992474],aj_1,001,2025-11-13_23h00.12.150,intentional_binding,,2025.1.1,59.906856848985115,2025-11-13 23h00.19.340553 +0530,
0.4,400,unexp,103,7,8,space,0.06683819997124374,None,  600,1,[2.556757199927233],[2.556766499998048],8,7,103,1,450.8704974000575,,450.85537520004436,450.8704974000575,451.85426040005405,451.85426040005405,451.87099169997964,451.92196569999214,space,0.06683819997124374,None,451.92378120007925,452.3374276667057,452.64774839999154,452.6338787000859,452.63595849997364,452.64774839999154,452.64774839999154,452.64774839999154,455.2048206999898,  600,1,[2.556757199927233],[2.556766499998048],aj_1,001,2025-11-13_23h00.12.150,intentional_binding,,2025.1.1,59.906856848985115,2025-11-13 23h00.19.340553 +0530,
0.4,1000,exp,104,8,8,space,0.16699539998080581,None,700  ,1,[9.654305699979886],[9.654324100003578],8,8,104,4,455.22084580000956,,455.205062400084,455.22084580000956,456.2041669000173,456.2041669000173,456.2209686000133,456.38815950008575,space,0.16699539998080581,None,456.38925730006304,456.78747266665255,457.100872799987,457.0865012999857,457.08706030005123,457.100872799987,457.100872799987,457.100872799987,466.7555465999758,700  ,1,[9.654305699979886],[9.654324100003578],aj_1,001,2025-11-13_23h00.12.150,intentional_binding,,2025.1.1,59.906856848985115,2025-11-13 23h00.19.340553 +0530,
0.4,1000,exp,105,9,8,space,0.12090259999968112,None,800,1,[2.9358511000173166],[2.9358578000683337],8,9,105,10,466.77091269998346,,466.75585359998513,466.77091269998346,467.7711545000784,467.7711545000784,467.7711545000784,467.9045966999838,space,0.12090259999968112,None,467.9056790000759,468.30397626670697,468.6184340000618,468.60420519998297,468.60495740000624,468.6184340000618,468.6184340000618,468.6184340000618,471.5545295000775,800,1,[2.9358511000173166],[2.9358578000683337],aj_1,001,2025-11-13_23h00.12.150,intentional_binding,,2025.1.1,59.906856848985115,2025-11-13 23h00.19.340553 +0530,
0.1,1000,exp,106,10,8,space,0.13501159998122603,None,450,1,[3.5727769000222906],[3.572789500001818],8,10,106,9,471.570504500065,,471.5547362000216,471.570504500065,472.55383900005836,472.55383900005836,472.57073590008076,472.7043098000577,space,0.13501159998122603,None,472.70508630003314,472.80386166664925,473.1150923999958,473.1051741000265,473.10604270000476,473.1150923999958,473.1150923999958,473.1150923999958,476.68828430003487,450,1,[3.5727769000222906],[3.572789500001818],aj_1,001,2025-11-13_23h00.12.150,intentional_binding,,2025.1.1,59.906856848985115,2025-11-13 23h00.19.340553 +0530,
0.1,1000,exp,107,11,8,space,0.2025417999830097,None,334,1,[2.767318999976851],[2.767325900029391],8,11,107,3,476.7039647999918,,476.68859660008457,476.7039647999918,477.704141800059,477.704141800059,477.704141800059,477.92124539997894,space,0.2025417999830097,None,477.9222712999908,478.02056796668717,478.33678830007557,478.3236071000574,478.324174300069,478.33678830007557,478.33678830007557,478.33678830007557,481.10434469999745,334,1,[2.767318999976851],[2.767325900029391],aj_1,001,2025-11-13_23h00.12.150,intentional_binding,,2025.1.1,59.906856848985115,2025-11-13 23h00.19.340553 +0530,
0.1,1000,exp,108,0,9,space,0.7903197000268847,None,353,1,[4.816009399946779],[4.816017800010741],9,0,108,3,481.120659600012,,481.1045674000634,481.120659600012,482.10423469997477,482.10423469997477,482.1207309999736,482.90458239999134,space,0.7903197000268847,None,482.90552100003697,483.0039822667061,483.32189730007667,483.30749170004856,483.30857500003185,483.32189730007667,483.32189730007667,483.32189730007667,488.13818950008135,353,1,[4.816009399946779],[4.816017800010741],aj_1,001,2025-11-13_23h00.12.150,intentional_binding,,2025.1.1,59.906856848985115,2025-11-13 23h00.19.340553 +0530,
0.4,1000,exp,109,1,9,space,0.37255059997551143,None, 123  ,1,[3.5771461999975145],[3.5771544000599533],9,1,109,10,488.15385950007476,,488.13849450007547,488.15385950007476,489.13704020006116,489.13704020006116,489.1537500000559,489.52063330006786,space,0.37255059997551143,None,489.52105500001926,489.9202819667446,490.22689639998134,490.216844300041,490.21949530008715,490.22689639998134,490.22689639998134,490.22689639998134,493.8043577000499, 123  ,1,[3.5771461999975145],[3.5771544000599533],aj_1,001,2025-11-13_23h00.12.150,intentional_binding,,2025.1.1,59.906856848985115,2025-11-13 23h00.19.340553 +0530,
0.7,1000,exp,110,2,9,space,1.4804416000843048,None,999,1,[1.5888008000329137],[1.5888098999857903],9,2,110,8,493.8204281000653,,493.80462269997224,493.8204281000653,494.8038686000509,494.8038686000509,494.8203968000598,496.28773300000466,space,1.4804416000843048,None,496.28874520002864,496.98726006673337,497.29893250006717,497.28387929999735,497.28447750001214,497.29893250006717,497.29893250006717,497.29893250006717,498.88807640003506,999,1,[1.5888008000329137],[1.5888098999857903],aj_1,001,2025-11-13_23h00.12.150,intentional_binding,,2025.1.1,59.906856848985115,2025-11-13 23h00.19.340553 +0530,
0.4,1000,exp,111,3,9,space,0.06748460000380874,None,134134r ,1,[2.454193399986252],[2.4542185999453068],9,3,111,4,498.9038550000405,,498.88838250003755,498.9038550000405,499.887169499998,499.887169499998,499.9040074000368,499.9715036000125,space,0.06748460000380874,None,499.97221530007664,500.38732286665277,500.69971690000966,500.686067200033,500.68716349999886,500.69971690000966,500.69971690000966,500.69971690000966,503.1542239000555,134134r ,1,[2.454193399986252],[2.4542185999453068],aj_1,001,2025-11-13_23h00.12.150,intentional_binding,,2025.1.1,59.906856848985115,2025-11-13 23h00.19.340553 +0530,
0.1,1000,exp,112,4,9,space,0.7094727999065071,None, 134 134,1,[1.3698531000409275],[1.3698616999899969],9,4,112,6,503.1706580000464,,503.154448700021,503.1706580000464,504.15372910001315,504.15372910001315,504.1703847000608,504.8712782000657,space,0.7094727999065071,None,504.87218339997344,504.9705739666863,505.2848217000719,505.2733663000399,505.2746026000241,505.2848217000719,505.2848217000719,505.2848217000719,506.6549972000066, 134 134,1,[1.3698531000409275],[1.3698616999899969],aj_1,001,2025-11-13_23h00.12.150,intentional_binding,,2025.1.1,59.906856848985115,2025-11-13 23h00.19.340553 +0530,
0.7,1000,exp,113,5,9,space,0.09866490005515516,None, 45 345,1,[1.2280720999697223],[1.228084700065665],9,5,113,11,506.67049300007056,,506.6552270000102,506.67049300007056,507.67059210001025,507.67059210001025,507.67059210001025,507.77138030005153,space,0.09866490005515516,None,507.7721110000275,508.47046846669787,508.7769269000273,508.76567090000026,508.767715999973,508.7769269000273,508.7769269000273,508.7769269000273,510.0054211000679, 45 345,1,[1.2280720999697223],[1.228084700065665],aj_1,001,2025-11-13_23h00.12.150,intentional_binding,,2025.1.1,59.906856848985115,2025-11-13 23h00.19.340553 +0530,
0.4,1000,exp,114,6,9,space,0.1324025000212714,None, 345       ,1,[3.0874981000088155],[3.087513200007379],9,6,114,7,510.0205269000726,,510.00581320002675,510.0205269000726,511.02037410007324,511.02037410007324,511.02037410007324,511.15483180002775,space,0.1324025000212714,None,511.155938000069,511.5539062666396,511.8678291999968,511.85325030004606,511.8547164000338,511.8678291999968,511.8678291999968,511.8678291999968,514.9557469000574, 345       ,1,[3.0874981000088155],[3.087513200007379],aj_1,001,2025-11-13_23h00.12.150,intentional_binding,,2025.1.1,59.906856848985115,2025-11-13 23h00.19.340553 +0530,
0.4,400,unexp,115,7,9,space,0.0771515000378713,None,34245 ,1,[2.3645449000177905],[2.3645536000840366],9,7,115,1,514.9706793000223,,514.9561876000371,514.9706793000223,515.9704927999992,515.9704927999992,515.9704927999992,516.0546796000563,space,0.0771515000378713,None,516.0558292000787,516.470588166678,516.7733471000101,516.7659450999927,516.7671714000171,516.7733471000101,516.7733471000101,516.7733471000101,519.1381436000811,34245 ,1,[2.3645449000177905],[2.3645536000840366],aj_1,001,2025-11-13_23h00.12.150,intentional_binding,,2025.1.1,59.906856848985115,2025-11-13 23h00.19.340553 +0530,
0.1,400,unexp,116,8,9,space,0.06181699992157519,None,234  ,1,[6.707838900038041],[6.707852700026706],9,8,116,0,519.1536427000538,,519.1383719000733,519.1536427000538,520.137318000081,520.137318000081,520.1538840000285,520.204515999998,space,0.06181699992157519,None,520.2056033000117,520.3036059666813,520.613522300031,520.6044327000855,520.6051216999767,520.613522300031,520.613522300031,520.613522300031,527.3217378000263,234  ,1,[6.707838900038041],[6.707852700026706],aj_1,001,2025-11-13_23h00.12.150,intentional_binding,,2025.1.1,59.906856848985115,2025-11-13 23h00.19.340553 +0530,
0.7,400,unexp,117,9,9,space,0.16853810008615255,None,565  ,1,[3.84401430003345],[3.844028800027445],9,9,117,2,527.3371734999819,,527.3221733000828,527.3371734999819,528.3370048999786,528.3370048999786,528.3370048999786,528.5204001000384,space,0.16853810008615255,None,528.5208748000441,529.2207044667487,529.527430600021,529.5150480000302,529.5168971000239,529.527430600021,529.527430600021,529.527430600021,533.3718601000728,565  ,1,[3.84401430003345],[3.844028800027445],aj_1,001,2025-11-13_23h00.12.150,intentional_binding,,2025.1.1,59.906856848985115,2025-11-13 23h00.19.340553 +0530,
0.7,1000,exp,118,10,9,space,0.05988889990840107,None, 567   ,1,[2.074796799919568],[2.074806999997236],9,10,118,5,533.3868065000279,,533.372192400042,533.3868065000279,534.3871377999894,534.3871377999894,534.3871377999894,534.4544907000381,space,0.05988889990840107,None,534.4557159000542,535.1702567666691,535.4797792000463,535.4647217000602,535.4653320000507,535.4797792000463,535.4797792000463,535.4797792000463,537.5549023000058, 567   ,1,[2.074796799919568],[2.074806999997236],aj_1,001,2025-11-13_23h00.12.150,intentional_binding,,2025.1.1,59.906856848985115,2025-11-13 23h00.19.340553 +0530,
0.1,1000,exp,119,11,9,space,0.11893869994673878,None,467467,1,[1.2087374000111595],[1.2087476000888273],9,11,119,9,537.5703495000489,,537.5551805000287,537.5703495000489,538.5700742000481,538.5700742000481,538.5700742000481,538.7043553000549,space,0.11893869994673878,None,538.7050116000464,538.8034580667193,539.1121211000718,539.1008667000569,539.1013689000392,539.1121211000718,539.1121211000718,539.1121211000718,540.3211835999973,467467,1,[1.2087374000111595],[1.2087476000888273],aj_1,001,2025-11-13_23h00.12.150,intentional_binding,,2025.1.1,59.906856848985115,2025-11-13 23h00.19.340553 +0530,
0.7,400,unexp,120,0,10,space,0.010235300054773688,None,2 53445,1,[1.3767177999252453],[1.3767309999093413],10,0,120,2,540.3367506000213,,540.3216166000348,540.3367506000213,541.3373226000695,541.3373226000695,541.3373226000695,541.3544044999871,space,0.010235300054773688,None,541.3553682999918,542.0535060667355,542.3612051000819,542.3539250000613,542.354243400041,542.3612051000819,542.3612051000819,542.3612051000819,543.7382834000746,2 53445,1,[1.3767177999252453],[1.3767309999093413],aj_1,001,2025-11-13_23h00.12.150,intentional_binding,,2025.1.1,59.906856848985115,2025-11-13 23h00.19.340553 +0530,
0.1,1000,exp,121,1,10,space,0.17503930011298507,None,6757,1,[1.25689419999253],[1.2569008000427857],10,1,121,3,543.7538676999975,,543.7386151000392,543.7538676999975,544.7535646000179,544.7535646000179,544.7535646000179,544.9377824000549,space,0.17503930011298507,None,544.9386431999737,545.0370997667235,545.3467443999834,545.3341121000703,545.3345875000814,545.3467443999834,545.3467443999834,545.3467443999834,546.603918000008,6757,1,[1.25689419999253],[1.2569008000427857],aj_1,001,2025-11-13_23h00.12.150,intentional_binding,,2025.1.1,59.906856848985115,2025-11-13 23h00.19.340553 +0530,
0.7,1000,exp,122,2,10,space,0.16475849994458258,None,678,1,[1.1479768001008779],[1.147989600081928],10,2,122,11,546.6201734000351,,546.6041085000616,546.6201734000351,547.6035979000153,547.6035979000153,547.6199880000204,547.7710802999791,space,0.16475849994458258,None,547.7717703999951,548.4703421666675,548.7731390000554,548.7606777000474,548.7611945000244,548.7731390000554,548.7731390000554,548.7731390000554,549.9215581000317,678,1,[1.1479768001008779],[1.147989600081928],aj_1,001,2025-11-13_23h00.12.150,intentional_binding,,2025.1.1,59.906856848985115,2025-11-13 23h00.19.340553 +0530,
0.7,1000,exp,123,3,10,space,0.15663850004784763,None, 5667,1,[1.2927805000217631],[1.2927914999891073],10,3,123,5,549.9369427000638,,549.9218791000312,549.9369427000638,550.93666700006,550.93666700006,550.93666700006,551.1041605999926,space,0.15663850004784763,None,551.1047774000326,551.8034353666628,552.1119748000056,552.1046754000708,552.1049854999874,552.1119748000056,552.1119748000056,552.1119748000056,553.405146199977, 5667,1,[1.2927805000217631],[1.2927914999891073],aj_1,001,2025-11-13_23h00.12.150,intentional_binding,,2025.1.1,59.906856848985115,2025-11-13 23h00.19.340553 +0530,
0.4,400,unexp,124,4,10,space,0.06424109998624772,None, 4556 ,1,[1.5748614999465644],[1.5748755999375135],10,4,124,1,553.4203570000827,,553.4054819999728,553.4203570000827,554.4203668000409,554.4203668000409,554.4203668000409,554.4875597000355,space,0.06424109998624772,None,554.4887337000109,554.8869879666638,555.1969861000543,555.1842840000754,555.1849948000163,555.1969861000543,555.1969861000543,555.1969861000543,556.7722988000605, 4556 ,1,[1.5748614999465644],[1.5748755999375135],aj_1,001,2025-11-13_23h00.12.150,intentional_binding,,2025.1.1,59.906856848985115,2025-11-13 23h00.19.340553 +0530,
0.4,1000,exp,125,5,10,space,0.08654960000421852,None, 467 ,1,[1.586556899943389],[1.5865633999928832],10,5,125,4,556.7872727999929,,556.7728070999729,556.7872727999929,557.7872114999918,557.7872114999918,557.7872114999918,557.8875565000344,space,0.08654960000421852,None,557.8883574000793,558.3029526667126,558.6173492000671,558.602714800043,558.6032099000877,558.6173492000671,558.6173492000671,558.6173492000671,560.2041388000362, 467 ,1,[1.586556899943389],[1.5865633999928832],aj_1,001,2025-11-13_23h00.12.150,intentional_binding,,2025.1.1,59.906856848985115,2025-11-13 23h00.19.340553 +0530,
0.1,400,unexp,126,6,10,space,0.6238950999686494,None,  467                ,1,[7.263329199980944],[7.26334029994905],10,6,126,0,560.2203396999976,,560.2043195000151,560.2203396999976,561.2034591999836,561.2034591999836,561.2201230999781,561.8373012000229,space,0.6238950999686494,None,561.8381049999734,561.9371212666777,562.2413408000721,562.2350158999907,562.2360763000324,562.2413408000721,562.2413408000721,562.2413408000721,569.5050178000238,  467                ,1,[7.263329199980944],[7.26334029994905],aj_1,001,2025-11-13_23h00.12.150,intentional_binding,,2025.1.1,59.906856848985115,2025-11-13 23h00.19.340553 +0530,
0.7,1000,exp,127,7,10,space,0.10955279995687306,None,8676,1,[1.4736555999843404],[1.4736711999867111],10,7,127,8,569.520269199973,,569.5053114000475,569.520269199973,570.5202467000345,570.5202467000345,570.5202467000345,570.6371318000602,space,0.10955279995687306,None,570.6378273000009,571.3367995666961,571.647510800045,571.6343302000314,571.6350206000498,571.647510800045,571.647510800045,571.647510800045,573.1215088000754,8676,1,[1.4736555999843404],[1.4736711999867111],aj_1,001,2025-11-13_23h00.12.150,intentional_binding,,2025.1.1,59.906856848985115,2025-11-13 23h00.19.340553 +0530,
0.1,1000,exp,128,8,10,space,0.04562610003631562,None, 56566,1,[1.6333622999954969],[1.6333693999331445],10,8,128,9,573.1364505999954,,573.1217989000725,573.1364505999954,574.1367147000274,574.1367147000274,574.1367147000274,574.1884868000634,space,0.04562610003631562,None,574.1896545999916,574.3033938666961,574.6203316000756,574.6056099000853,574.6063907999778,574.6203316000756,574.6203316000756,574.6203316000756,576.253927599988, 56566,1,[1.6333622999954969],[1.6333693999331445],aj_1,001,2025-11-13_23h00.12.150,intentional_binding,,2025.1.1,59.906856848985115,2025-11-13 23h00.19.340553 +0530,
0.4,1000,exp,129,9,10,space,0.05887720000464469,None,343,1,[1.189300199970603],[1.1893174999859184],10,9,129,7,576.2701596000697,,576.2541290000081,576.2701596000697,577.2534190000733,577.2534190000733,577.270484299981,577.3209112000186,space,0.05887720000464469,None,577.3219205000205,577.7368110666905,578.0488627000013,578.0347438000608,578.0353729000781,578.0488627000013,578.0488627000013,578.0488627000013,579.2386149000376,343,1,[1.189300199970603],[1.1893174999859184],aj_1,001,2025-11-13_23h00.12.150,intentional_binding,,2025.1.1,59.906856848985115,2025-11-13 23h00.19.340553 +0530,
0.1,1000,exp,130,10,10,space,0.005049800034612417,None,777,1,[1.2813938999315724],[1.2814040000084788],10,10,130,6,579.2534830999793,,579.2389514000388,579.2534830999793,580.2538184000878,580.2538184000878,580.2538184000878,580.2705716000637,space,0.005049800034612417,None,580.2714512000093,580.369877766647,580.6725778999971,580.6650072999764,580.6653297999874,580.6725778999971,580.6725778999971,580.6725778999971,581.9543143999763,777,1,[1.2813938999315724],[1.2814040000084788],aj_1,001,2025-11-13_23h00.12.150,intentional_binding,,2025.1.1,59.906856848985115,2025-11-13 23h00.19.340553 +0530,
0.4,1000,exp,131,11,10,space,0.06399709999095649,None,888,1,[1.3783177000004798],[1.3783292999723926],10,11,131,10,581.9702438000822,,581.9546286000405,581.9702438000822,582.9702898000833,582.9702898000833,582.9702898000833,583.0372535000788,space,0.06399709999095649,None,583.0380722000264,583.436578666737,583.7428870000876,583.7329023000784,583.7333445000695,583.7428870000876,583.7428870000876,583.7428870000876,585.1215811000438,888,1,[1.3783177000004798],[1.3783292999723926],aj_1,001,2025-11-13_23h00.12.150,intentional_binding,,2025.1.1,59.906856848985115,2025-11-13 23h00.19.340553 +0530,
0.1,1000,exp,132,0,11,space,0.043257699930109084,None,999,1,[2.9923202000791207],[2.9923285000259057],11,0,132,3,585.1363688000711,,585.1219168000389,585.1363688000711,586.136660200078,586.136660200078,586.136660200078,586.1870144000277,space,0.043257699930109084,None,586.1879270999925,586.286861566656,586.5950064000208,586.5839316999773,586.5849375000689,586.5950064000208,586.5950064000208,586.5950064000208,589.5876572000561,999,1,[2.9923202000791207],[2.9923285000259057],aj_1,001,2025-11-13_23h00.12.150,intentional_binding,,2025.1.1,59.906856848985115,2025-11-13 23h00.19.340553 +0530,
0.1,1000,exp,133,1,11,space,0.01865469990298152,None,133,1,[1.2832075000042096],[1.2832140000537038],11,1,133,9,589.6037617999827,,589.5879139000317,589.6037617999827,590.5867943000048,590.5867943000048,590.6033793999813,590.6205750000663,space,0.01865469990298152,None,590.6214413000271,590.72021756665,591.020788700087,591.0140114000533,591.0142832000274,591.020788700087,591.020788700087,591.020788700087,592.3042962000472,133,1,[1.2832075000042096],[1.2832140000537038],aj_1,001,2025-11-13_23h00.12.150,intentional_binding,,2025.1.1,59.906856848985115,2025-11-13 23h00.19.340553 +0530,
0.7,1000,exp,134,2,11,space,0.06074600003194064,None,455,1,[1.55461979995016],[1.5546273000072688],11,2,134,11,592.3200254000258,,592.3045506000053,592.3200254000258,593.3033971000696,593.3033971000696,593.3201284999959,593.3710811000783,space,0.06074600003194064,None,593.3721878000069,594.0868014667105,594.3989479000447,594.3861734999809,594.3867863999913,594.3989479000447,594.3989479000447,594.3989479000447,595.95386280003,455,1,[1.55461979995016],[1.5546273000072688],aj_1,001,2025-11-13_23h00.12.150,intentional_binding,,2025.1.1,59.906856848985115,2025-11-13 23h00.19.340553 +0530,
0.7,1000,exp,135,3,11,space,0.0911108999280259,None,666,1,[1.3827792999800295],[1.3827948999824002],11,3,135,8,595.9701218000846,,595.9540864999872,595.9701218000846,596.9532597999787,596.9532597999787,596.9697283999994,597.0536920999875,space,0.0911108999280259,None,597.0545638999902,597.7530702667466,598.0714969000546,598.0561162000522,598.0580596000655,598.0714969000546,598.0714969000546,598.0714969000546,599.4547164000105,666,1,[1.3827792999800295],[1.3827948999824002],aj_1,001,2025-11-13_23h00.12.150,intentional_binding,,2025.1.1,59.906856848985115,2025-11-13 23h00.19.340553 +0530,
0.7,400,unexp,136,4,11,space,0.08590189996175468,None, 432,1,[1.509980299975723],[1.509992300067097],11,4,136,2,599.4699502000585,,599.4550224000122,599.4699502000585,600.469981500064,600.469981500064,600.469981500064,600.5707949000644,space,0.08590189996175468,None,600.5723063000478,601.2863332667077,601.5939351000125,601.581184300012,601.5818510000827,601.5939351000125,601.5939351000125,601.5939351000125,603.1042466000654, 432,1,[1.509980299975723],[1.509992300067097],aj_1,001,2025-11-13_23h00.12.150,intentional_binding,,2025.1.1,59.906856848985115,2025-11-13 23h00.19.340553 +0530,
0.4,1000,exp,137,5,11,space,0.08746980002615601,None, 542   ,1,[3.7774797999300063],[3.7774907998973504],11,5,137,4,603.1200702000642,,603.1045530000702,603.1200702000642,604.1033077000175,604.1033077000175,604.1202786000213,604.2042734000133,space,0.08746980002615601,None,604.2054224000312,604.6196273667194,604.9260026999982,604.9108496999834,604.9119159000693,604.9260026999982,604.9260026999982,604.9260026999982,608.7038589000003, 542   ,1,[3.7774797999300063],[3.7774907998973504],aj_1,001,2025-11-13_23h00.12.150,intentional_binding,,2025.1.1,59.906856848985115,2025-11-13 23h00.19.340553 +0530,
0.4,400,unexp,138,6,11,space,0.028724399977363646,None, 6543,1,[1.6378547999775037],[1.6378639000467956],11,6,138,1,608.7201390999835,,608.7042650000658,608.7201390999835,609.7032287999755,609.7032287999755,609.7197591000004,609.737393300049,space,0.028724399977363646,None,609.7384015000425,610.1365837667292,610.4490467000287,610.4365868000314,610.438885300071,610.4490467000287,610.4490467000287,610.4490467000287,612.0871982000535, 6543,1,[1.6378547999775037],[1.6378639000467956],aj_1,001,2025-11-13_23h00.12.150,intentional_binding,,2025.1.1,59.906856848985115,2025-11-13 23h00.19.340553 +0530,
0.4,1000,exp,139,7,11,space,0.14942519995383918,None,331   ,1,[3.0223003999562934],[3.022307400009595],11,7,139,7,612.1030654000351,,612.0874540000223,612.1030654000351,613.0865117000649,613.0865117000649,613.1032342000399,613.2374362000264,space,0.14942519995383918,None,613.2386089999927,613.6369277666711,613.948488999973,613.9340184000321,613.9362105000764,613.948488999973,613.948488999973,613.948488999973,616.9710652000504,331   ,1,[3.0223003999562934],[3.022307400009595],aj_1,001,2025-11-13_23h00.12.150,intentional_binding,,2025.1.1,59.906856848985115,2025-11-13 23h00.19.340553 +0530,
0.1,400,unexp,140,8,11,space,0.15041849995031953,None, 345 5 345,1,[1.500261600012891],[1.5002750999992713],11,8,140,0,616.9863003999926,,616.9712545999791,616.9863003999926,617.9866403000196,617.9866403000196,617.9866403000196,618.1538690000307,space,0.15041849995031953,None,618.1550849999767,618.2530192667075,618.5708405000623,618.5569168999791,618.5589552000165,618.5708405000623,618.5708405000623,618.5708405000623,620.0715208000038, 345 5 345,1,[1.500261600012891],[1.5002750999992713],aj_1,001,2025-11-13_23h00.12.150,intentional_binding,,2025.1.1,59.906856848985115,2025-11-13 23h00.19.340553 +0530,
0.4,1000,exp,141,9,11,space,0.08284990000538528,None,666 ,1,[3.3845190999563783],[3.3845265998970717],11,9,141,10,620.0864596000174,,620.071898400085,620.0864596000174,621.086506200023,621.086506200023,621.086506200023,621.1705204000464,space,0.08284990000538528,None,621.1714752999833,621.5862211667156,621.9022748999996,621.8861717000837,621.8870086000534,621.9022748999996,621.9022748999996,621.9022748999996,625.2870615000138,666 ,1,[3.3845190999563783],[3.3845265998970717],aj_1,001,2025-11-13_23h00.12.150,intentional_binding,,2025.1.1,59.906856848985115,2025-11-13 23h00.19.340553 +0530,
0.7,1000,exp,142,10,11,space,0.13068209995981306,None,565,1,[1.3975240999134257],[1.3975322999758646],11,10,142,5,625.3027659000363,,625.287275300012,625.3027659000363,626.28647000005,626.28647000005,626.3029493000358,626.4208484999835,space,0.13068209995981306,None,626.4223275000695,627.1367953667107,627.4394743000157,627.4323862000601,627.4327276999829,627.4394743000157,627.4394743000157,627.4394743000157,628.8372904000571,565,1,[1.3975240999134257],[1.3975322999758646],aj_1,001,2025-11-13_23h00.12.150,intentional_binding,,2025.1.1,59.906856848985115,2025-11-13 23h00.19.340553 +0530,
0.1,1000,exp,143,11,11,space,0.13433879998046905,None,   3655,1,[1.9217433000449091],[1.921754900016822],11,11,143,6,628.8530357000418,,628.8375424999977,628.8530357000418,629.8529410000192,629.8529410000192,629.8529410000192,630.0038633000804,space,0.13433879998046905,None,630.0050486000255,630.1031128666984,630.4158384000184,630.402683100081,630.4034763000673,630.4158384000184,630.4158384000184,630.4158384000184,632.3379882000154,   3655,1,[1.9217433000449091],[1.921754900016822],aj_1,001,2025-11-13_23h00.12.150,intentional_binding,,2025.1.1,59.906856848985115,2025-11-13 23h00.19.340553 +0530,
0.4,1000,exp,144,0,12,space,0.12669210007879883,None, 2334,1,[1.3398641000967473],[1.3398711000336334],12,0,144,10,632.3527282000287,,632.3381912000477,632.3527282000287,633.3526659000199,633.3526659000199,633.3526659000199,633.4866399000166,space,0.12669210007879883,None,633.4872606000863,633.8862889666964,634.1971858000616,634.1850911000511,634.1861820999766,634.1971858000616,634.1971858000616,634.1971858000616,635.537315600086, 2334,1,[1.3398641000967473],[1.3398711000336334],aj_1,001,2025-11-13_23h00.12.150,intentional_binding,,2025.1.1,59.906856848985115,2025-11-13 23h00.19.340553 +0530,
0.4,400,unexp,145,1,12,space,0.3419221000513062,None,244,1,[1.2605314999818802],[1.26054289995227],12,1,145,1,635.5536009999923,,635.5375163999852,635.5536009999923,636.5529991000658,636.5529991000658,636.5529991000658,636.9039587000152,space,0.3419221000513062,None,636.905008599977,637.3196726666686,637.6267930000322,637.6162191000767,637.616696299985,637.6267930000322,637.6267930000322,637.6267930000322,638.8876838000724,244,1,[1.2605314999818802],[1.26054289995227],aj_1,001,2025-11-13_23h00.12.150,intentional_binding,,2025.1.1,59.906856848985115,2025-11-13 23h00.19.340553 +0530,
0.7,1000,exp,146,2,12,space,1.1877824000548571,None,3122,1,[1.824732100008987],[1.824742899974808],12,2,146,11,638.9031355000334,,638.8880887000123,638.9031355000334,639.9029309999896,639.9029309999896,639.9029309999896,641.1035998000298,space,1.1877824000548571,None,641.104255800019,641.8029504666958,642.1120600000722,642.1006053000456,642.10127990006,642.1120600000722,642.1120600000722,642.1120600000722,643.9371221000329,3122,1,[1.824732100008987],[1.824742899974808],aj_1,001,2025-11-13_23h00.12.150,intentional_binding,,2025.1.1,59.906856848985115,2025-11-13 23h00.19.340553 +0530,
0.7,400,unexp,147,3,12,space,0.014626799966208637,None,6 43,1,[1.636654199915938],[1.6366741999518126],12,3,147,2,643.9528392000357,,643.9374298000475,643.9528392000357,644.936185300001,644.936185300001,644.9529706999892,644.9536991000641,space,0.014626799966208637,None,644.9544135000324,645.6530583666793,645.9668184000766,645.954320800025,645.9547486000229,645.9668184000766,645.9668184000766,645.9668184000766,647.6040140000405,6 43,1,[1.636654199915938],[1.6366741999518126],aj_1,001,2025-11-13_23h00.12.150,intentional_binding,,2025.1.1,59.906856848985115,2025-11-13 23h00.19.340553 +0530,
0.7,1000,exp,148,4,12,space,0.22561590000987053,None,5455,1,[1.2617656999500468],[1.2617723000003025],12,4,148,5,647.6200142999878,,647.6045220000669,647.6200142999878,648.6200249000685,648.6200249000685,648.6200249000685,648.8536242999835,space,0.22561590000987053,None,648.8547277000034,649.5692700667462,649.8749945000745,649.8670373000205,649.8676161000039,649.8749945000745,649.8749945000745,649.8749945000745,651.1370256000664,5455,1,[1.2617656999500468],[1.2617723000003025],aj_1,001,2025-11-13_23h00.12.150,intentional_binding,,2025.1.1,59.906856848985115,2025-11-13 23h00.19.340553 +0530,
0.1,1000,exp,149,5,12,space,0.219785499968566,None,543,1,[1.3996016000164673],[1.3996238000690937],12,5,149,9,651.1526476000436,,651.1372434999794,651.1526476000436,652.1364054000005,652.1364054000005,652.1528713000007,652.3708023000509,space,0.219785499968566,None,652.3724555000663,652.487760866705,652.8042997000739,652.786775900051,652.7875249000499,652.8042997000739,652.8042997000739,652.8042997000739,654.2044695999939,543,1,[1.3996016000164673],[1.3996238000690937],aj_1,001,2025-11-13_23h00.12.150,intentional_binding,,2025.1.1,59.906856848985115,2025-11-13 23h00.19.340553 +0530,
0.1,1000,exp,150,6,12,space,0.2072522999951616,None, 24244,1,[1.414329499937594],[1.4143414000282064],12,6,150,3,654.2198127000593,,654.2052137000719,654.2198127000593,655.219627500046,655.219627500046,655.219627500046,655.4370046000695,space,0.2072522999951616,None,655.4381348000607,655.5362487666464,655.8563684000401,655.8371382000623,655.8380544000538,655.8563684000401,655.8563684000401,655.8563684000401,657.2710415000329, 24244,1,[1.414329499937594],[1.4143414000282064],aj_1,001,2025-11-13_23h00.12.150,intentional_binding,,2025.1.1,59.906856848985115,2025-11-13 23h00.19.340553 +0530,
0.7,1000,exp,151,7,12,space,0.15392830001655966,None,4545,1,[1.2869111999170855],[1.2869198999833316],12,7,151,8,657.2859412999824,,657.2713800000492,657.2859412999824,658.2862709000474,658.2862709000474,658.2862709000474,658.4535449000541,space,0.15392830001655966,None,658.454281500075,659.1529079666982,659.4662677000742,659.45471239998,659.4552249000408,659.4662677000742,659.4662677000742,659.4662677000742,660.7534811000805,4545,1,[1.2869111999170855],[1.2869198999833316],aj_1,001,2025-11-13_23h00.12.150,intentional_binding,,2025.1.1,59.906856848985115,2025-11-13 23h00.19.340553 +0530,
0.4,1000,exp,152,8,12,space,0.18324650009162724,None,424  ,1,[1.7663642999250442],[1.7663834999548271],12,8,152,4,660.7695518999826,,660.7537455999991,660.7695518999826,661.7531413000543,661.7531413000543,661.769476299989,661.9536584999878,space,0.18324650009162724,None,661.9545949000167,662.3527273666734,662.6539502000669,662.6410615000641,662.6428906000219,662.6539502000669,662.6539502000669,662.6539502000669,664.4207133000018,424  ,1,[1.7663642999250442],[1.7663834999548271],aj_1,001,2025-11-13_23h00.12.150,intentional_binding,,2025.1.1,59.906856848985115,2025-11-13 23h00.19.340553 +0530,
0.1,1000,exp,153,9,12,space,0.012817000038921833,None, 133,1,[4.653920499957167],[4.65393419994507],12,9,153,6,664.4360696000513,,664.4210205000127,664.4360696000513,665.4361886000261,665.4361886000261,665.4361886000261,665.4537880000426,space,0.012817000038921833,None,665.4548404000234,665.5529512667019,665.8659987000283,665.8510522000724,665.8515894999728,665.8659987000283,665.8659987000283,665.8659987000283,670.5203558000503, 133,1,[4.653920499957167],[4.65393419994507],aj_1,001,2025-11-13_23h00.12.150,intentional_binding,,2025.1.1,59.906856848985115,2025-11-13 23h00.19.340553 +0530,
0.4,1000,exp,154,10,12,space,3.915385999949649,None,400,1,[2.9194872999796644],[2.9194971999386325],12,10,154,7,670.5358905000612,,670.5206915000454,670.5358905000612,671.5361377000809,671.5361377000809,671.5361377000809,675.4542135000229,space,3.915385999949649,None,675.4552859000396,675.8693747666587,676.1835712000029,676.1710877000587,676.171655000071,676.1835712000029,676.1835712000029,676.1835712000029,679.1033870000392,400,1,[2.9194872999796644],[2.9194971999386325],aj_1,001,2025-11-13_23h00.12.150,intentional_binding,,2025.1.1,59.906856848985115,2025-11-13 23h00.19.340553 +0530,
0.1,400,unexp,155,11,12,space,0.2299189999466762,None,100,1,[5.123457700014114],[5.123476600041613],12,11,155,0,679.1195582000073,,679.1037586000748,679.1195582000073,680.102822600049,680.102822600049,680.1194731000578,680.3365617999807,space,0.2299189999466762,None,680.337218599976,680.4360899667411,680.7466442000587,680.7329960999778,680.7335741000716,680.7466442000587,680.7466442000587,680.7466442000587,685.870622400078,100,1,[5.123457700014114],[5.123476600041613],aj_1,001,2025-11-13_23h00.12.150,intentional_binding,,2025.1.1,59.906856848985115,2025-11-13 23h00.19.340553 +0530,
0.4,1000,exp,156,0,13,space,0.44491780002135783,None,600,1,[3.8514405000023544],[3.8514481000602245],13,0,156,10,685.8860616000602,,685.8709707000526,685.8860616000602,686.8860315000638,686.8860315000638,686.8860315000638,687.3369807000272,space,0.44491780002135783,None,687.3381210999796,687.75255436666,688.0687292000512,688.0545445000753,688.055217300076,688.0687292000512,688.0687292000512,688.0687292000512,691.9204495999729,600,1,[3.8514405000023544],[3.8514481000602245],aj_1,001,2025-11-13_23h00.12.150,intentional_binding,,2025.1.1,59.906856848985115,2025-11-13 23h00.19.340553 +0530,
0.7,400,unexp,157,1,13,space,0.6411140999989584,None,500,1,[3.172328499960713],[3.1723384999204427],13,1,157,2,691.9357411999954,,691.9206954999827,691.9357411999954,692.9195526000112,692.9195526000112,692.9358605999732,693.57036230003,space,0.6411140999989584,None,693.5714641000377,694.2861129666601,694.5975864999928,694.5822990000015,694.5829558999976,694.5975864999928,694.5975864999928,694.5975864999928,697.770248600049,500,1,[3.172328499960713],[3.1723384999204427],aj_1,001,2025-11-13_23h00.12.150,intentional_binding,,2025.1.1,59.906856848985115,2025-11-13 23h00.19.340553 +0530,
0.4,400,unexp,158,2,13,space,0.586448400048539,None,100,1,[2.5771890999749303],[2.5771985999308527],13,2,158,1,697.7860686000204,,697.770569400047,697.7860686000204,698.7698023000266,698.7698023000266,698.7863670000806,699.3702236000681,space,0.586448400048539,None,699.3711527000414,699.769527266679,700.0760413000826,700.0634672000306,700.0639554000227,700.0760413000826,700.0760413000826,700.0760413000826,702.6536014000885,100,1,[2.5771890999749303],[2.5771985999308527],aj_1,001,2025-11-13_23h00.12.150,intentional_binding,,2025.1.1,59.906856848985115,2025-11-13 23h00.19.340553 +0530,
0.1,400,unexp,159,3,13,space,1.3302791999885812,None,100,1,[2.6036834000842646],[2.6036895000142977],13,3,159,0,702.6694785000291,,702.6538957000012,702.6694785000291,703.6691144000506,703.6691144000506,703.6691144000506,705.0030905000167,space,1.3302791999885812,None,705.0034791000653,705.1025336667119,705.4167488000821,705.4062476999825,705.4066763999872,705.4167488000821,705.4167488000821,705.4167488000821,708.0206802000757,100,1,[2.6036834000842646],[2.6036895000142977],aj_1,001,2025-11-13_23h00.12.150,intentional_binding,,2025.1.1,59.906856848985115,2025-11-13 23h00.19.340553 +0530,
0.4,1000,exp,160,4,13,space,0.13617329997941852,None,600,1,[3.0529359000502154],[3.052976700011641],13,4,160,7,708.0356354999822,,708.0209125999827,708.0356354999822,709.0360818000045,709.0360818000045,709.0360818000045,709.1859287000261,space,0.13617329997941852,None,709.1863508999813,709.5853064667356,709.9005136999767,709.8867356000701,709.8872583999764,709.9005136999767,709.9005136999767,709.9005136999767,712.9537316000788,600,1,[3.0529359000502154],[3.052976700011641],aj_1,001,2025-11-13_23h00.12.150,intentional_binding,,2025.1.1,59.906856848985115,2025-11-13 23h00.19.340553 +0530,
0.7,1000,exp,161,5,13,space,0.10895660007372499,None,500,1,[2.5926029999973252],[2.5926100000506267],13,5,161,8,712.969082799973,,712.9539277000586,712.969082799973,713.9693574000848,713.9693574000848,713.9693574000848,714.0859506999841,space,0.10895660007372499,None,714.0866017000517,714.785646366716,715.0938744000159,715.0833024000749,715.0838488000445,715.0938744000159,715.0938744000159,715.0938744000159,717.686810299987,500,1,[2.5926029999973252],[2.5926100000506267],aj_1,001,2025-11-13_23h00.12.150,intentional_binding,,2025.1.1,59.906856848985115,2025-11-13 23h00.19.340553 +0530,
0.4,1000,exp,162,6,13,space,0.2364048999734223,None,300,1,[4.891106400056742],[4.891113000106998],13,6,162,4,717.7024169000797,,717.6870535999769,717.7024169000797,718.7022220999934,718.7022220999934,718.7022220999934,718.9530719000613,space,0.2364048999734223,None,718.9538422999904,719.3521782666833,719.6616994000506,719.6549609000795,719.6552238999866,719.6616994000506,719.6616994000506,719.6616994000506,724.5530241000233,300,1,[4.891106400056742],[4.891113000106998],aj_1,001,2025-11-13_23h00.12.150,intentional_binding,,2025.1.1,59.906856848985115,2025-11-13 23h00.19.340553 +0530,
0.7,1000,exp,163,7,13,space,0.7703503000084311,None,900,1,[6.262373699923046],[6.26237949996721],13,7,163,5,724.5686594999861,,724.5532756000757,724.5686594999861,725.5524267000146,725.5524267000146,725.5691927999724,726.335860799998,space,0.7703503000084311,None,726.3365912000882,727.0356234666581,727.3405473000603,727.3324083000189,727.3327820000704,727.3405473000603,727.3405473000603,727.3405473000603,733.6031526000006,900,1,[6.262373699923046],[6.26237949996721],aj_1,001,2025-11-13_23h00.12.150,intentional_binding,,2025.1.1,59.906856848985115,2025-11-13 23h00.19.340553 +0530,
0.1,1000,exp,164,8,13,space,0.25126289995387197,None,200,1,[4.3133061999687925],[4.313315500039607],13,8,164,6,733.6187645000173,,733.6033620000817,733.6187645000173,734.6026263000676,734.6026263000676,734.6192658999935,734.8695496000582,space,0.25126289995387197,None,734.8702858000761,734.9691213666849,735.2746592999902,735.2640873000491,735.2645281000296,735.2746592999902,735.2746592999902,735.2746592999902,739.5882583999773,200,1,[4.3133061999687925],[4.313315500039607],aj_1,001,2025-11-13_23h00.12.150,intentional_binding,,2025.1.1,59.906856848985115,2025-11-13 23h00.19.340553 +0530,
0.1,1000,exp,165,9,13,space,0.5851865999866277,None,100,1,[2.3668505999958143],[2.3668566999258474],13,9,165,3,739.6025077999802,,739.5885024999734,739.6025077999802,740.6026490000077,740.6026490000077,740.6026490000077,741.2032047000248,space,0.5851865999866277,None,741.2039430000586,741.3023385666932,741.6196939999936,741.6049657000694,741.6054251000751,741.6196939999936,741.6196939999936,741.6196939999936,743.9869020000333,100,1,[2.3668505999958143],[2.3668566999258474],aj_1,001,2025-11-13_23h00.12.150,intentional_binding,,2025.1.1,59.906856848985115,2025-11-13 23h00.19.340553 +0530,
0.7,1000,exp,166,10,13,space,0.2548891000915319,None,700,1,[3.033689699950628],[3.0337018999271095],13,10,166,11,744.0022890000837,,743.987116400036,744.0022890000837,745.0022093000589,745.0022093000589,745.0022093000589,745.269345000037,space,0.2548891000915319,None,745.2701349999988,745.9692534666431,746.2853741000872,746.2702449000208,746.2707935000071,746.2853741000872,746.2853741000872,746.2853741000872,749.3195271000732,700,1,[3.033689699950628],[3.0337018999271095],aj_1,001,2025-11-13_23h00.12.150,intentional_binding,,2025.1.1,59.906856848985115,2025-11-13 23h00.19.340553 +0530,
0.1,1000,exp,167,11,13,space,0.34471729991491884,None,200,1,[2.8598565999418497],[2.85987079993356],13,11,167,9,749.3352413000539,,749.3200798999751,749.3352413000539,750.3354571000673,750.3354571000673,750.3354571000673,750.6862224000506,space,0.34471729991491884,None,750.6873300999869,750.7866112667291,751.0934063000605,751.0819123000838,751.0822267000331,751.0934063000605,751.0934063000605,751.0934063000605,753.9536504000425,200,1,[2.8598565999418497],[2.85987079993356],aj_1,001,2025-11-13_23h00.12.150,intentional_binding,,2025.1.1,59.906856848985115,2025-11-13 23h00.19.340553 +0530,
0.4,1000,exp,168,0,14,space,0.2747271000407636,None,400,1,[2.5887770999688655],[2.588784600025974],14,0,168,4,753.9692070999881,,753.9539600000717,753.9692070999881,754.9691533000441,754.9691533000441,754.9691533000441,755.2530325000407,space,0.2747271000407636,None,755.2537651000312,755.6523379666653,755.9642181000672,755.9520983999828,755.9525674000615,755.9642181000672,755.9642181000672,755.9642181000672,758.5533091999823,400,1,[2.5887770999688655],[2.588784600025974],aj_1,001,2025-11-13_23h00.12.150,intentional_binding,,2025.1.1,59.906856848985115,2025-11-13 23h00.19.340553 +0530,
0.7,400,unexp,169,1,14,space,0.35357909998856485,None,999,1,[3.7907611000118777],[3.7907735999906436],14,1,169,2,758.5687775000697,,758.5535276000155,758.5687775000697,759.569087699987,759.569087699987,759.569087699987,759.9362473000074,space,0.35357909998856485,None,759.9373506000265,760.6356591666738,760.9454480999848,760.9330727000488,760.9337568000192,760.9454480999848,760.9454480999848,760.9454480999848,764.7366023000795,999,1,[3.7907611000118777],[3.7907735999906436],aj_1,001,2025-11-13_23h00.12.150,intentional_binding,,2025.1.1,59.906856848985115,2025-11-13 23h00.19.340553 +0530,
0.7,1000,exp,170,2,14,space,0.4505094999913126,None,700,1,[3.266710299998522],[3.26671570003964],14,2,170,11,764.7521629000548,,764.7368963999907,764.7521629000548,765.7521383999847,765.7521383999847,765.7521383999847,766.2195472000167,space,0.4505094999913126,None,766.220449400018,766.9186768667462,767.2358139000135,767.2218022000743,767.2223942000419,767.2358139000135,767.2358139000135,767.2358139000135,770.5027834000066,700,1,[3.266710299998522],[3.26671570003964],aj_1,001,2025-11-13_23h00.12.150,intentional_binding,,2025.1.1,59.906856848985115,2025-11-13 23h00.19.340553 +0530,
0.1,1000,exp,171,3,14,space,0.3201222000643611,None,200,1,[4.113584900042042],[4.113590699969791],14,3,171,9,770.5185599999968,,770.502969800029,770.5185599999968,771.5026075000642,771.5026075000642,771.519176300033,771.8358063000487,space,0.3201222000643611,None,771.8364060000749,771.9351692667153,772.2388041000813,772.2312558999984,772.2315242000623,772.2388041000813,772.2388041000813,772.2388041000813,776.3526090000523,200,1,[4.113584900042042],[4.113590699969791],aj_1,001,2025-11-13_23h00.12.150,intentional_binding,,2025.1.1,59.906856848985115,2025-11-13 23h00.19.340553 +0530,
0.1,1000,exp,172,4,14,space,0.20881360000930727,None,400,1,[2.39355679997243],[2.3935721999732777],14,4,172,3,776.3686083999928,,776.3528131999774,776.3686083999928,777.3522885000566,777.3522885000566,777.3688574000262,777.5687599000521,space,0.20881360000930727,None,777.5692230000859,777.6683797666958,777.9773776000366,777.9645043000346,777.9651555999881,777.9773776000366,777.9773776000366,777.9773776000366,780.371307900059,400,1,[2.39355679997243],[2.3935721999732777],aj_1,001,2025-11-13_23h00.12.150,intentional_binding,,2025.1.1,59.906856848985115,2025-11-13 23h00.19.340553 +0530,
0.4,1000,exp,173,5,14,space,0.2482568999985233,None,500,1,[2.475009800051339],[2.475021500024013],14,5,173,10,780.3853870000457,,780.3716327000875,780.3853870000457,781.3853238000302,781.3853238000302,781.3853238000302,781.6357026000042,space,0.2482568999985233,None,781.6361223000567,782.0351500666623,782.3450524000218,782.3346219999949,782.3350752000697,782.3450524000218,782.3450524000218,782.3450524000218,784.8205110999988,500,1,[2.475009800051339],[2.475021500024013],aj_1,001,2025-11-13_23h00.12.150,intentional_binding,,2025.1.1,59.906856848985115,2025-11-13 23h00.19.340553 +0530,
0.7,1000,exp,174,6,14,space,0.22328209993429482,None,900,1,[2.892475700005889],[2.8924818999366835],14,6,174,5,784.8355598000344,,784.8208532000426,784.8355598000344,785.8352155999746,785.8352155999746,785.8352155999746,786.0693944999948,space,0.22328209993429482,None,786.0705205000704,786.7685264667418,787.0767010999843,787.0651680000592,787.0657469000435,787.0767010999843,787.0767010999843,787.0767010999843,789.969444300048,900,1,[2.892475700005889],[2.8924818999366835],aj_1,001,2025-11-13_23h00.12.150,intentional_binding,,2025.1.1,59.906856848985115,2025-11-13 23h00.19.340553 +0530,
0.4,1000,exp,175,7,14,space,0.0946997000137344,None,200,1,[3.5627550000790507],[3.5627708000829443],14,7,175,7,789.9851094000041,,789.9696431000484,789.9851094000041,790.968981300015,790.968981300015,790.9851858000038,791.0692123000044,space,0.0946997000137344,None,791.0700717000291,791.4853203667483,791.7905067000538,791.7842310999986,791.7844846000662,791.7905067000538,791.7905067000538,791.7905067000538,795.3538034000667,200,1,[3.5627550000790507],[3.5627708000829443],aj_1,001,2025-11-13_23h00.12.150,intentional_binding,,2025.1.1,59.906856848985115,2025-11-13 23h00.19.340553 +0530,
0.1,400,unexp,176,8,14,space,0.3889789000386372,None,0,1,[2.924390699947253],[2.924398300005123],14,8,176,0,795.368650300079,,795.3543167000171,795.368650300079,796.3686383999884,796.3686383999884,796.3686383999884,796.7686583000468,space,0.3889789000386372,None,796.7691392999841,796.8682661667156,797.1783454000251,797.1667381000007,797.1673239000374,797.1783454000251,797.1783454000251,797.1783454000251,800.103056800086,0,1,[2.924390699947253],[2.924398300005123],aj_1,001,2025-11-13_23h00.12.150,intentional_binding,,2025.1.1,59.906856848985115,2025-11-13 23h00.19.340553 +0530,
0.7,1000,exp,177,9,14,space,1.3736791999544948,None,500,1,[1.9065856999950483],[1.906594300060533],14,9,177,8,800.1184764000354,,800.1033193999901,800.1184764000354,801.1186540999915,801.1186540999915,801.1186540999915,802.5022960000206,space,1.3736791999544948,None,802.503032800043,803.2018405666497,803.5123302000575,803.5018970000092,803.5023519999813,803.5123302000575,803.5123302000575,803.5123302000575,805.4191996000009,500,1,[1.9065856999950483],[1.906594300060533],aj_1,001,2025-11-13_23h00.12.150,intentional_binding,,2025.1.1,59.906856848985115,2025-11-13 23h00.19.340553 +0530,
0.4,400,unexp,178,10,14,space,0.2809212999418378,None,0,1,[1.7266751000424847],[1.7266810000874102],14,10,178,1,805.43493019999,,805.4194260999793,805.43493019999,806.4350388000021,806.4350388000021,806.4350388000021,806.7188158000354,space,0.2809212999418378,None,806.7193076000549,807.1182048667144,807.4258459000848,807.4158068000106,807.4162182,807.4258459000848,807.4258459000848,807.4258459000848,809.1529702000553,0,1,[1.7266751000424847],[1.7266810000874102],aj_1,001,2025-11-13_23h00.12.150,intentional_binding,,2025.1.1,59.906856848985115,2025-11-13 23h00.19.340553 +0530,
0.1,1000,exp,179,11,14,space,0.302779300021939,None,200,1,[2.3776039000367746],[2.377612699987367],14,11,179,6,809.1685225000838,,809.1531989000505,809.1685225000838,810.1684750000713,810.1684750000713,810.1684750000713,810.485560900066,space,0.302779300021939,None,810.486255900003,810.5849434666491,810.8920946000144,810.8836922000628,810.8840078000212,810.8920946000144,810.8920946000144,810.8920946000144,813.2700404999778,200,1,[2.3776039000367746],[2.377612699987367],aj_1,001,2025-11-13_23h00.12.150,intentional_binding,,2025.1.1,59.906856848985115,2025-11-13 23h00.19.340553 +0530,
0.1,1000,exp,180,0,15,space,0.24550770001951605,None,100,1,[2.2581540999235585],[2.258164499886334],15,0,180,9,813.2850814000703,,813.2703871000558,813.2850814000703,814.2848024000414,814.2848024000414,814.2848024000414,814.5355114000849,space,0.24550770001951605,None,814.5360670000082,814.6351292667134,814.9443098000484,814.9355435000034,814.9360349000199,814.9443098000484,814.9443098000484,814.9443098000484,817.2027928000316,100,1,[2.2581540999235585],[2.258164499886334],aj_1,001,2025-11-13_23h00.12.150,intentional_binding,,2025.1.1,59.906856848985115,2025-11-13 23h00.19.340553 +0530,
0.1,400,unexp,181,1,15,space,0.2703003999777138,None,0,1,[1.9040796000044793],[1.9040880999527872],15,1,181,0,817.2183326000813,,817.2030866000568,817.2183326000813,818.2184078000719,818.2184078000719,818.2184078000719,818.5022544000531,space,0.2703003999777138,None,818.5027816999936,818.6016101666648,818.9153465999989,818.905021200073,818.905514699989,818.9153465999989,818.9153465999989,818.9153465999989,820.8197216000408,0,1,[1.9040796000044793],[1.9040880999527872],aj_1,001,2025-11-13_23h00.12.150,intentional_binding,,2025.1.1,59.906856848985115,2025-11-13 23h00.19.340553 +0530,
0.1,1000,exp,182,2,15,space,0.3827080000191927,None,300,1,[3.0071165999397635],[3.0071230999892578],15,2,182,3,820.8348755000625,,820.8200098000234,820.8348755000625,821.835104900063,821.835104900063,821.835104900063,822.218841199996,space,0.3827080000191927,None,822.2195679000579,822.3180154667391,822.6291638000403,822.620007700054,822.6204820000567,822.6291638000403,822.6291638000403,822.6291638000403,825.6365331000416,300,1,[3.0071165999397635],[3.0071230999892578],aj_1,001,2025-11-13_23h00.12.150,intentional_binding,,2025.1.1,59.906856848985115,2025-11-13 23h00.19.340553 +0530,
0.7,1000,exp,183,3,15,space,0.2632784000597894,None,900,1,[3.229374899994582],[3.229382299934514],15,3,183,8,825.6516024000011,,825.6367893000133,825.6516024000011,826.6519399000099,826.6519399000099,826.6519399000099,826.9190034000203,space,0.2632784000597894,None,826.9197488999926,827.6182817667179,827.9228487000801,827.9140676000388,827.9143423000351,827.9228487000801,827.9228487000801,827.9228487000801,831.1524992000777,900,1,[3.229374899994582],[3.229382299934514],aj_1,001,2025-11-13_23h00.12.150,intentional_binding,,2025.1.1,59.906856848985115,2025-11-13 23h00.19.340553 +0530,
0.7,1000,exp,184,4,15,space,0.48759619996417314,None,999,1,[1.8673910000361502],[1.8674051000270993],15,4,184,5,831.1681310000131,,831.1527194000082,831.1681310000131,832.1520458000014,832.1520458000014,832.1682493999833,832.6521674999967,space,0.48759619996417314,None,832.6530141000403,833.3516162667113,833.6526624000398,833.64355779998,833.6441165000433,833.6526624000398,833.6526624000398,833.6526624000398,835.5205158999888,999,1,[1.8673910000361502],[1.8674051000270993],aj_1,001,2025-11-13_23h00.12.150,intentional_binding,,2025.1.1,59.906856848985115,2025-11-13 23h00.19.340553 +0530,
0.7,1000,exp,185,5,15,space,0.3582854999694973,None,700,1,[2.5177736999467015],[2.517781400005333],15,5,185,11,835.5351546000456,,835.5209548000712,835.5351546000456,836.5351154999807,836.5351154999807,836.5351154999807,836.902292600018,space,0.3582854999694973,None,836.9032539000036,837.6018276666912,837.9177045000251,837.9048872999847,837.9055328000104,837.9177045000251,837.9177045000251,837.9177045000251,840.4357524000807,700,1,[2.5177736999467015],[2.517781400005333],aj_1,001,2025-11-13_23h00.12.150,intentional_binding,,2025.1.1,59.906856848985115,2025-11-13 23h00.19.340553 +0530,
0.1,1000,exp,186,6,15,space,0.2738526000175625,None,500,1,[3.9179267999716103],[3.9179373999359086],15,6,186,6,840.4516357000684,,840.4360015999991,840.4516357000684,841.4349044000264,841.4349044000264,841.4517229000339,841.7185671000043,space,0.2738526000175625,None,841.718978799996,841.8181067667358,842.1190998000093,842.1115233000601,842.1119564999826,842.1190998000093,842.1190998000093,842.1190998000093,846.0373884000583,500,1,[3.9179267999716103],[3.9179373999359086],aj_1,001,2025-11-13_23h00.12.150,intentional_binding,,2025.1.1,59.906856848985115,2025-11-13 23h00.19.340553 +0530,
0.4,1000,exp,187,7,15,space,0.22808599995914847,None,400,1,[2.3797238001134247],[2.3797347000800073],15,7,187,10,846.0514415000798,,846.0376455000369,846.0514415000798,847.0514833000489,847.0514833000489,847.0514833000489,847.2850850999821,space,0.22808599995914847,None,847.2857014000183,847.684744166738,847.988594399998,847.9815329000121,847.9818038999802,847.988594399998,847.988594399998,847.988594399998,850.3686960000778,400,1,[2.3797238001134247],[2.3797347000800073],aj_1,001,2025-11-13_23h00.12.150,intentional_binding,,2025.1.1,59.906856848985115,2025-11-13 23h00.19.340553 +0530,
0.7,400,unexp,188,8,15,space,0.2611403000773862,None,0,1,[3.4616336000617594],[3.4616396999917924],15,8,188,2,850.3847756000469,,850.3690579000395,850.3847756000469,851.3684011000441,851.3684011000441,851.3848985000513,851.6355087000411,space,0.2611403000773862,None,851.6363682000665,852.3349714667459,852.6406000000425,852.6342000000877,852.6344545000466,852.6406000000425,852.6406000000425,852.6406000000425,856.102458700072,0,1,[3.4616336000617594],[3.4616396999917924],aj_1,001,2025-11-13_23h00.12.150,intentional_binding,,2025.1.1,59.906856848985115,2025-11-13 23h00.19.340553 +0530,
0.4,1000,exp,189,9,15,space,0.918800700106658,None,300,1,[1.9730779000092298],[1.9730837000533938],15,9,189,4,856.1183278000681,,856.1026476999978,856.1183278000681,857.1016448000446,857.1016448000446,857.1182458000258,858.0353408000665,space,0.918800700106658,None,858.035973799997,858.434637666742,858.7452520000516,858.7335845000343,858.7341230000602,858.7452520000516,858.7452520000516,858.7452520000516,860.7185351999942,300,1,[1.9730779000092298],[1.9730837000533938],aj_1,001,2025-11-13_23h00.12.150,intentional_binding,,2025.1.1,59.906856848985115,2025-11-13 23h00.19.340553 +0530,
0.4,400,unexp,190,10,15,space,0.35894390009343624,None,0,1,[2.4608608999988064],[2.46087529999204],15,10,190,1,860.7344826000044,,860.7187024999876,860.7344826000044,861.7181372999912,861.7181372999912,861.7348756000865,862.0853502000682,space,0.35894390009343624,None,862.0858456999995,862.4851269666726,862.7921278000576,862.7845467000734,862.7851904000854,862.7921278000576,862.7921278000576,862.7921278000576,865.2534689999884,0,1,[2.4608608999988064],[2.46087529999204],aj_1,001,2025-11-13_23h00.12.150,intentional_binding,,2025.1.1,59.906856848985115,2025-11-13 23h00.19.340553 +0530,
0.4,1000,exp,191,11,15,space,0.260751000023447,None,300,1,[2.2344410999212414],[2.234452800010331],15,11,191,7,865.2683718000771,,865.2539031000342,865.2683718000771,866.2687341000419,866.2687341000419,866.2687341000419,866.5359798000427,space,0.260751000023447,None,866.5371515000006,866.9514363667151,867.2677355000051,867.2542988000205,867.2546474999981,867.2677355000051,867.2677355000051,867.2677355000051,869.5025754000526,300,1,[2.2344410999212414],[2.234452800010331],aj_1,001,2025-11-13_23h00.12.150,intentional_binding,,2025.1.1,59.906856848985115,2025-11-13 23h00.19.340553 +0530,
0.4,1000,exp,192,0,16,space,0.20825239992700517,None,500,1,[3.2127458000322804],[3.2127684999722987],16,0,192,7,869.5178177000489,,869.5028108999832,869.5178177000489,870.5178918000311,870.5178918000311,870.5178918000311,870.7353387000039,space,0.20825239992700517,None,870.7358320000349,871.1347910666993,871.4390454000095,871.4295675000176,871.4298897000263,871.4390454000095,871.4390454000095,871.4390454000095,874.6521509999875,500,1,[3.2127458000322804],[3.2127684999722987],aj_1,001,2025-11-13_23h00.12.150,intentional_binding,,2025.1.1,59.906856848985115,2025-11-13 23h00.19.340553 +0530,
0.4,400,unexp,193,1,16,space,0.23970789997838438,None,500,1,[2.425938499975018],[2.425945600029081],16,1,193,1,874.6680345999775,,874.6523877000436,874.6680345999775,875.6515983000863,875.6515983000863,875.6680761000607,875.9017133000307,space,0.23970789997838438,None,875.9023533000145,876.3014348666804,876.6096924999729,876.6021910000127,876.6024650000036,876.6096924999729,876.6096924999729,876.6096924999729,879.0359342000447,500,1,[2.425938499975018],[2.425945600029081],aj_1,001,2025-11-13_23h00.12.150,intentional_binding,,2025.1.1,59.906856848985115,2025-11-13 23h00.19.340553 +0530,
0.1,1000,exp,194,2,16,space,0.4228542000055313,None,200,1,[2.361923099961132],[2.3619302000151947],16,2,194,9,879.051215799991,,879.0362396000419,879.051215799991,880.051342700026,880.051342700026,880.051342700026,880.4851245000027,space,0.4228542000055313,None,880.4858158000279,880.5846220666465,880.8903594000731,880.8818682000274,880.8821532999864,880.8903594000731,880.8903594000731,880.8903594000731,883.2525532,200,1,[2.361923099961132],[2.3619302000151947],aj_1,001,2025-11-13_23h00.12.150,intentional_binding,,2025.1.1,59.906856848985115,2025-11-13 23h00.19.340553 +0530,
0.7,400,unexp,195,3,16,space,0.5685542999999598,None,999,1,[1.8570703000295907],[1.857077099964954],16,3,195,2,883.2678703999845,,883.2527655999875,883.2678703999845,884.2680939000566,884.2680939000566,884.2680939000566,884.8518352999818,space,0.5685542999999598,None,884.8526668000268,885.5511713666531,885.8614125000313,885.8541894999798,885.8544834000058,885.8614125000313,885.8614125000313,885.8614125000313,887.7187357000075,999,1,[1.8570703000295907],[1.857077099964954],aj_1,001,2025-11-13_23h00.12.150,intentional_binding,,2025.1.1,59.906856848985115,2025-11-13 23h00.19.340553 +0530,
0.1,1000,exp,196,4,16,space,0.4198405999923125,None,400,1,[2.8824601999949664],[2.8824656000360847],16,4,196,3,887.7346878000535,,887.7191356000258,887.7346878000535,888.7178873000666,888.7178873000666,888.7344786999747,889.1515706999926,space,0.4198405999923125,None,889.1521757000592,889.251104966683,889.5528115000343,889.5449748000829,889.5453090000665,889.5528115000343,889.5528115000343,889.5528115000343,892.435483600013,400,1,[2.8824601999949664],[2.8824656000360847],aj_1,001,2025-11-13_23h00.12.150,intentional_binding,,2025.1.1,59.906856848985115,2025-11-13 23h00.19.340553 +0530,
0.7,1000,exp,197,5,16,space,0.6719202999956906,None,700,1,[2.2790403000544757],[2.2790461000986397],16,5,197,11,892.4510107000824,,892.4356586000649,892.4510107000824,893.4348494000733,893.4348494000733,893.4513545000227,894.1182355000637,space,0.6719202999956906,None,894.1187452999875,894.8177109667488,895.1230871999869,895.1136497000698,895.1141143999994,895.1230871999869,895.1230871999869,895.1230871999869,897.4023527000099,700,1,[2.2790403000544757],[2.2790461000986397],aj_1,001,2025-11-13_23h00.12.150,intentional_binding,,2025.1.1,59.906856848985115,2025-11-13 23h00.19.340553 +0530,
0.7,1000,exp,198,6,16,space,1.9060572000453249,None,800,1,[2.646457599941641],[2.646467600017786],16,6,198,5,897.4178675999865,,897.4025395000353,897.4178675999865,898.4179144999944,898.4179144999944,898.4179144999944,900.3351275000023,space,1.9060572000453249,None,900.3361481999746,901.034383766648,901.3387378000189,901.3317501000129,901.3320340000791,901.3387378000189,901.3387378000189,901.3387378000189,903.9855070000049,800,1,[2.646457599941641],[2.646467600017786],aj_1,001,2025-11-13_23h00.12.150,intentional_binding,,2025.1.1,59.906856848985115,2025-11-13 23h00.19.340553 +0530,
0.7,1000,exp,199,7,16,space,0.3803866000380367,None,400,1,[2.140857100021094],[2.140864899964072],16,7,199,8,904.0010726000182,,903.9857992000179,904.0010726000182,905.0010531999869,905.0010531999869,905.0010531999869,905.3848051000386,space,0.3803866000380367,None,905.385286499979,906.084459866692,906.3943417000119,906.3847488000756,906.3853592000669,906.3943417000119,906.3943417000119,906.3943417000119,908.5354884000262,400,1,[2.140857100021094],[2.140864899964072],aj_1,001,2025-11-13_23h00.12.150,intentional_binding,,2025.1.1,59.906856848985115,2025-11-13 23h00.19.340553 +0530,
0.4,1000,exp,200,8,16,space,0.21722630003932863,None,400,1,[2.7120236000046134],[2.712032400071621],16,8,200,10,908.551065800013,,908.5357678000582,908.551065800013,909.5511452000355,909.5511452000355,909.5511452000355,909.7850120000076,space,0.21722630003932863,None,909.7855417000828,910.1846058667327,910.4900210000342,910.4811382000335,910.4815718000755,910.4900210000342,910.4900210000342,910.4900210000342,913.2023463000078,400,1,[2.7120236000046134],[2.712032400071621],aj_1,001,2025-11-13_23h00.12.150,intentional_binding,,2025.1.1,59.906856848985115,2025-11-13 23h00.19.340553 +0530,
0.1,1000,exp,201,9,16,space,0.4257873999886215,None,500,1,[2.3590095000108704],[2.359015899943188],16,9,201,6,913.21800480003,,913.202587399981,913.21800480003,914.2180448999861,914.2180448999861,914.2180448999861,914.6514008999802,space,0.4257873999886215,None,914.6518310999963,914.7509853667036,915.0593770000851,915.0521779999835,915.0524987999815,915.0593770000851,915.0593770000851,915.0593770000851,917.4187317000469,500,1,[2.3590095000108704],[2.359015899943188],aj_1,001,2025-11-13_23h00.12.150,intentional_binding,,2025.1.1,59.906856848985115,2025-11-13 23h00.19.340553 +0530,
0.1,400,unexp,202,10,16,space,0.29958800005260855,None,0,1,[2.515720499912277],[2.5157263999572024],16,10,202,0,917.4342778000282,,917.418942600023,917.4342778000282,918.4180565000279,918.4180565000279,918.4342221000697,918.7181962999748,space,0.29958800005260855,None,918.7186313000275,918.8178167667395,919.1190441000508,919.1122934999876,919.1125854999991,919.1190441000508,919.1190441000508,919.1190441000508,921.634996799985,0,1,[2.515720499912277],[2.5157263999572024],aj_1,001,2025-11-13_23h00.12.150,intentional_binding,,2025.1.1,59.906856848985115,2025-11-13 23h00.19.340553 +0530,
0.4,1000,exp,203,11,16,space,0.2744018000084907,None,600,1,[2.897761399974115],[2.8977712000487372],16,11,203,4,921.6509209000506,,921.6351880000439,921.6509209000506,922.6347252000123,922.6347252000123,922.6512377000181,922.9185513000702,space,0.2744018000084907,None,922.9192130999872,923.3177038666947,923.6208442000207,923.6142481000861,923.6145328000421,923.6208442000207,923.6208442000207,923.6208442000207,926.5190106000518,600,1,[2.897761399974115],[2.8977712000487372],aj_1,001,2025-11-13_23h00.12.150,intentional_binding,,2025.1.1,59.906856848985115,2025-11-13 23h00.19.340553 +0530,
0.4,1000,exp,204,0,17,space,0.2501872000284493,None,800,1,[2.5037748999893665],[2.50378410005942],17,0,204,10,926.53471180005,,926.5193613000447,926.53471180005,927.5343072999967,927.5343072999967,927.5343072999967,927.8019062000094,space,0.2501872000284493,None,927.8026671999833,928.200951966752,928.5144010999938,928.503588700085,928.5040922000771,928.5144010999938,928.5144010999938,928.5144010999938,931.0185028000269,800,1,[2.5037748999893665],[2.50378410005942],aj_1,001,2025-11-13_23h00.12.150,intentional_binding,,2025.1.1,59.906856848985115,2025-11-13 23h00.19.340553 +0530,
0.7,400,unexp,205,1,17,space,0.2321094999788329,None,999,1,[2.241755500086583],[2.241760900011286],17,1,205,2,931.0342533000512,,931.0187321000267,931.0342533000512,932.01803320006,932.01803320006,932.0344309000066,932.251614100067,space,0.2321094999788329,None,932.2520713000558,932.9509320667169,933.2596685000462,933.2504635000369,933.2509512000252,933.2596685000462,933.2596685000462,933.2596685000462,935.5016574000474,999,1,[2.241755500086583],[2.241760900011286],aj_1,001,2025-11-13_23h00.12.150,intentional_binding,,2025.1.1,59.906856848985115,2025-11-13 23h00.19.340553 +0530,
0.1,1000,exp,206,2,17,space,0.3243773999856785,None,"
800",1,[4.259723800001666],[4.259730599937029],17,2,206,9,935.5176663000602,,935.5018495999975,935.5176663000602,936.5011031000176,936.5011031000176,936.517716399976,936.8346829999937,space,0.3243773999856785,None,936.835273600067,936.9343623667412,937.2417903000023,937.233985900064,937.2343408999732,937.2417903000023,937.2417903000023,937.2417903000023,941.501730500022,"
800",1,[4.259723800001666],[4.259730599937029],aj_1,001,2025-11-13_23h00.12.150,intentional_binding,,2025.1.1,59.906856848985115,2025-11-13 23h00.19.340553 +0530,
0.1,1000,exp,207,3,17,space,0.31883130001369864,None,100,1,[4.730725000030361],[4.730730199953541],17,3,207,3,941.5174963000463,,941.5019133000169,941.5174963000463,942.5011070000473,942.5011070000473,942.5175397000276,942.8346340000862,space,0.31883130001369864,None,942.8352056000149,942.9340087667263,943.2373269000091,943.2301709000021,943.2305491999723,943.2373269000091,943.2373269000091,943.2373269000091,947.9682972000446,100,1,[4.730725000030361],[4.730730199953541],aj_1,001,2025-11-13_23h00.12.150,intentional_binding,,2025.1.1,59.906856848985115,2025-11-13 23h00.19.340553 +0530,
0.1,1000,exp,208,4,17,space,1.1777533000567928,None,200,1,[2.907452999963425],[2.907459000009112],17,4,208,6,947.9840854000067,,947.9684841000708,947.9840854000067,948.9678888000781,948.9678888000781,948.9847218000796,950.1517684999853,space,1.1777533000567928,None,950.1526363000739,950.2675372666602,950.5775930000236,950.5669661000138,950.5674852000084,950.5775930000236,950.5775930000236,950.5775930000236,953.4852685000515,200,1,[2.907452999963425],[2.907459000009112],aj_1,001,2025-11-13_23h00.12.150,intentional_binding,,2025.1.1,59.906856848985115,2025-11-13 23h00.19.340553 +0530,
0.4,1000,exp,209,5,17,space,0.2459347000112757,None,400,1,[2.1594010000117123],[2.1594122999813408],17,5,209,4,953.5008538999828,,953.4854491000297,953.5008538999828,954.4844172000885,954.4844172000885,954.5008918000385,954.734386999975,space,0.2459347000112757,None,954.7348097000504,955.1344996666924,955.4427671000594,955.4315281000454,955.4319105000468,955.4427671000594,955.4427671000594,955.4427671000594,957.6025124000153,400,1,[2.1594010000117123],[2.1594122999813408],aj_1,001,2025-11-13_23h00.12.150,intentional_binding,,2025.1.1,59.906856848985115,2025-11-13 23h00.19.340553 +0530,
0.7,1000,exp,210,6,17,space,0.26732710003852844,None,700,1,[2.7217890999745578],[2.7217970999190584],17,6,210,5,957.6174822000321,,957.6027805000776,957.6174822000321,958.6176259000786,958.6176259000786,958.6176259000786,958.9013479000423,space,0.26732710003852844,None,958.9020132999867,959.6008167666771,959.9130145000527,959.9034517999971,959.9039539999794,959.9130145000527,959.9130145000527,959.9130145000527,962.635151399998,700,1,[2.7217890999745578],[2.7217970999190584],aj_1,001,2025-11-13_23h00.12.150,intentional_binding,,2025.1.1,59.906856848985115,2025-11-13 23h00.19.340553 +0530,
0.1,400,unexp,211,7,17,space,0.8058465999783948,None,999,1,[3.823613499989733],[3.8236214000498876],17,7,211,0,962.650643400033,,962.6353981000138,962.650643400033,963.6510983000044,963.6510983000044,963.6510983000044,964.4680290999822,space,0.8058465999783948,None,964.4686591000063,964.5674718666744,964.8778290000046,964.8706601000158,964.8710885000182,964.8778290000046,964.8778290000046,964.8778290000046,968.7017245000461,999,1,[3.823613499989733],[3.8236214000498876],aj_1,001,2025-11-13_23h00.12.150,intentional_binding,,2025.1.1,59.906856848985115,2025-11-13 23h00.19.340553 +0530,
0.7,1000,exp,212,8,17,space,0.4097648999886587,None,800,1,[3.5676195999840274],[3.5676265999209136],17,8,212,11,968.7170368999941,,968.7019539000466,968.7170368999941,969.7175688000862,969.7175688000862,969.7175688000862,970.1342843000311,space,0.4097648999886587,None,970.1347292000428,970.8340693667453,971.150697199977,971.1333304999862,971.1339968000539,971.150697199977,971.150697199977,971.150697199977,974.7188233999768,800,1,[3.5676195999840274],[3.5676265999209136],aj_1,001,2025-11-13_23h00.12.150,intentional_binding,,2025.1.1,59.906856848985115,2025-11-13 23h00.19.340553 +0530,
0.4,1000,exp,213,9,17,space,0.3478661000262946,None,200,1,[3.355920000001788],[3.355930900084786],17,9,213,7,974.7339381000493,,974.7191399000585,974.7339381000493,975.7175695999758,975.7175695999758,975.73414830002,976.0685145000461,space,0.3478661000262946,None,976.0699803000316,976.4840834666431,976.79602540005,976.7847799999872,976.785339300055,976.79602540005,976.79602540005,976.79602540005,980.1523589000572,200,1,[3.355920000001788],[3.355930900084786],aj_1,001,2025-11-13_23h00.12.150,intentional_binding,,2025.1.1,59.906856848985115,2025-11-13 23h00.19.340553 +0530,
0.7,1000,exp,214,10,17,space,0.320813599973917,None,300,1,[5.128797099925578],[5.128807000000961],17,10,214,8,980.1675185000058,,980.1528351000743,980.1675185000058,981.1675986000337,981.1675986000337,981.1675986000337,981.5015142000047,space,0.320813599973917,None,981.5022292999784,982.2005849667514,982.5059716000687,982.4987000999972,982.4990066000028,982.5059716000687,982.5059716000687,982.5059716000687,987.635127000045,300,1,[5.128797099925578],[5.128807000000961],aj_1,001,2025-11-13_23h00.12.150,intentional_binding,,2025.1.1,59.906856848985115,2025-11-13 23h00.19.340553 +0530,
0.4,400,unexp,215,11,17,space,0.28701740002725273,None,999,1,[6.5170885000843555],[6.517096400028095],17,11,215,1,987.6509000000078,,987.6354803000577,987.6509000000078,988.6344252000563,988.6344252000563,988.6512194999959,988.9347164999926,space,0.28701740002725273,None,988.9354414000409,989.3342677667426,989.6506222999888,989.6362214999972,989.6369317000499,989.6506222999888,989.6506222999888,989.6506222999888,996.1680248000193,999,1,[6.5170885000843555],[6.517096400028095],aj_1,001,2025-11-13_23h00.12.150,intentional_binding,,2025.1.1,59.906856848985115,2025-11-13 23h00.19.340553 +0530,
0.1,1000,exp,216,0,18,space,0.25887750007677823,None,200,1,[3.325465100002475],[3.3254779999842867],18,0,216,6,996.1839028000832,,996.1682349999901,996.1839028000832,997.1675881000701,997.1675881000701,997.183701800066,997.4343854000326,space,0.25887750007677823,None,997.4350485000759,997.5340426667283,997.8427423000103,997.8329243999906,997.833363700076,997.8427423000103,997.8427423000103,997.8427423000103,1001.1686478999909,200,1,[3.325465100002475],[3.3254779999842867],aj_1,001,2025-11-13_23h00.12.150,intentional_binding,,2025.1.1,59.906856848985115,2025-11-13 23h00.19.340553 +0530,
0.1,1000,exp,217,1,18,space,0.24713539995718747,None,400,1,[2.6086917999200523],[2.608698899974115],18,1,217,3,1001.1839651999762,,1001.1690112000797,1001.1839651999762,1002.1840606000042,1002.1840606000042,1002.1840606000042,1002.4346581000136,space,0.24713539995718747,None,1002.4356911000796,1002.5343388666554,1002.842790100025,1002.8350365000078,1002.8356009999989,1002.842790100025,1002.842790100025,1002.842790100025,1005.4517235000385,400,1,[2.6086917999200523],[2.608698899974115],aj_1,001,2025-11-13_23h00.12.150,intentional_binding,,2025.1.1,59.906856848985115,2025-11-13 23h00.19.340553 +0530,
0.7,1000,exp,218,2,18,space,0.2539543000748381,None,600,1,[5.013709099963307],[5.013715200009756],18,2,218,5,1005.4670448000543,,1005.4521473000059,1005.4670448000543,1006.450944900047,1006.450944900047,1006.4669749999885,1006.71806069999,space,0.2539543000748381,None,1006.7195659000427,1007.4173604667342,1007.7207063999958,1007.713236700045,1007.7135216000024,1007.7207063999958,1007.7207063999958,1007.7207063999958,1012.7346431000624,600,1,[5.013709099963307],[5.013715200009756],aj_1,001,2025-11-13_23h00.12.150,intentional_binding,,2025.1.1,59.906856848985115,2025-11-13 23h00.19.340553 +0530,
0.4,400,unexp,219,3,18,space,0.2818919999990612,None,999,1,[3.1922887000255287],[3.192306000040844],18,3,219,1,1012.7506750000175,,1012.7348480999935,1012.7506750000175,1013.7341084000655,1013.7341084000655,1013.7508267000085,1014.0181450999808,space,0.2818919999990612,None,1014.0192135000834,1014.4176467667023,1014.7256724999752,1014.7122324000811,1014.7127983000828,1014.7256724999752,1014.7256724999752,1014.7256724999752,1017.9185222000815,999,1,[3.1922887000255287],[3.192306000040844],aj_1,001,2025-11-13_23h00.12.150,intentional_binding,,2025.1.1,59.906856848985115,2025-11-13 23h00.19.340553 +0530,
0.7,400,unexp,220,4,18,space,0.440233499975875,None,999,1,[4.315030200057663],[4.315040800021961],18,4,220,2,1017.9341292000609,,1017.9190736999735,1017.9341292000609,1018.9338523000479,1018.9338523000479,1018.9338523000479,1019.3847071999917,space,0.440233499975875,None,1019.3858721000142,1020.083916566746,1020.3880111000035,1020.3802321000258,1020.3808160000481,1020.3880111000035,1020.3880111000035,1020.3880111000035,1024.7033789000707,999,1,[4.315030200057663],[4.315040800021961],aj_1,001,2025-11-13_23h00.12.150,intentional_binding,,2025.1.1,59.906856848985115,2025-11-13 23h00.19.340553 +0530,
0.7,1000,exp,221,5,18,space,0.5297750999452546,None,200,1,[3.7281280000461265],[3.728135400102474],18,5,221,8,1024.7173461000202,,1024.7037340999814,1024.7173461000202,1025.717312599998,1025.717312599998,1025.717312599998,1026.251544800005,space,0.5297750999452546,None,1026.2526793000288,1026.96739836672,1027.2728385999799,1027.2617576000048,1027.2623125000391,1027.2728385999799,1027.2728385999799,1027.2728385999799,1031.0011700000614,200,1,[3.7281280000461265],[3.728135400102474],aj_1,001,2025-11-13_23h00.12.150,intentional_binding,,2025.1.1,59.906856848985115,2025-11-13 23h00.19.340553 +0530,
0.4,1000,exp,222,6,18,space,0.4917049999348819,None,100,1,[2.498730300110765],[2.498741800081916],18,6,222,4,1031.0171733000316,,1031.0017636000412,1031.0171733000316,1032.0009335000068,1032.0009335000068,1032.0173761000624,1032.5015620000195,space,0.4917049999348819,None,1032.5026982000563,1032.9178054667466,1033.2356625000248,1033.2212306000292,1033.221866399981,1033.2356625000248,1033.2356625000248,1033.2356625000248,1035.7347462000325,100,1,[2.498730300110765],[2.498741800081916],aj_1,001,2025-11-13_23h00.12.150,intentional_binding,,2025.1.1,59.906856848985115,2025-11-13 23h00.19.340553 +0530,
0.7,1000,exp,223,7,18,space,0.2501327999634668,None,100,1,[1.9434393999399617],[1.943448800011538],18,7,223,11,1035.7506717999931,,1035.735010500066,1035.7506717999931,1036.7339245000621,1036.7339245000621,1036.750825199997,1037.001521600061,space,0.2501327999634668,None,1037.0022687000455,1037.7168970667447,1038.0245525999926,1038.012971600052,1038.013559199986,1038.0245525999926,1038.0245525999926,1038.0245525999926,1039.968311500037,100,1,[1.9434393999399617],[1.943448800011538],aj_1,001,2025-11-13_23h00.12.150,intentional_binding,,2025.1.1,59.906856848985115,2025-11-13 23h00.19.340553 +0530,
0.4,1000,exp,224,8,18,space,0.22845809999853373,None,200,1,[2.0403556999517605],[2.0403697999427095],18,8,224,7,1039.9839535000501,,1039.9687118000584,1039.9839535000501,1040.98391369998,1040.98391369998,1040.98391369998,1041.2182723999722,space,0.22845809999853373,None,1041.219234600081,1041.6340175667467,1041.9441271000542,1041.9316222000634,1041.9322659000754,1041.9441271000542,1041.9441271000542,1041.9441271000542,1043.984823500039,200,1,[2.0403556999517605],[2.0403697999427095],aj_1,001,2025-11-13_23h00.12.150,intentional_binding,,2025.1.1,59.906856848985115,2025-11-13 23h00.19.340553 +0530,
0.4,1000,exp,225,9,18,space,0.24233779998030514,None,400,1,[2.858400300028734],[2.8584113999968395],18,9,225,10,1044.0004434000002,,1043.9850521000335,1044.0004434000002,1045.0004366000649,1045.0004366000649,1045.0004366000649,1045.2514972999925,space,0.24233779998030514,None,1045.2526708000805,1045.6669782667343,1045.9764119000174,1045.9608069000533,1045.9614442000166,1045.9764119000174,1045.9764119000174,1045.9764119000174,1048.8351429000031,400,1,[2.858400300028734],[2.8584113999968395],aj_1,001,2025-11-13_23h00.12.150,intentional_binding,,2025.1.1,59.906856848985115,2025-11-13 23h00.19.340553 +0530,
0.1,400,unexp,226,10,18,space,0.20713910006452352,None,999,1,[2.764184800093062],[2.764195500058122],18,10,226,0,1048.8506386000663,,1048.8354478999972,1048.8506386000663,1049.850414799992,1049.850414799992,1049.850414799992,1050.0678751000669,space,0.20713910006452352,None,1050.0695804000134,1050.1671016667426,1050.4705673999852,1050.4623238000786,1050.4627402999904,1050.4705673999852,1050.4705673999852,1050.4705673999852,1053.235174200032,999,1,[2.764184800093062],[2.764195500058122],aj_1,001,2025-11-13_23h00.12.150,intentional_binding,,2025.1.1,59.906856848985115,2025-11-13 23h00.19.340553 +0530,
0.1,1000,exp,227,11,18,space,0.22281860001385212,None,400,1,[2.9767167000100017],[2.976729799993336],18,11,227,9,1053.250863900059,,1053.2354936000193,1053.250863900059,1054.2508152000373,1054.2508152000373,1054.2508152000373,1054.4845527000725,space,0.22281860001385212,None,1054.4855717000319,1054.600146666697,1054.9083471000195,1054.8940513000125,1054.894680700032,1054.9083471000195,1054.9083471000195,1054.9083471000195,1057.885474300012,400,1,[2.9767167000100017],[2.976729799993336],aj_1,001,2025-11-13_23h00.12.150,intentional_binding,,2025.1.1,59.906856848985115,2025-11-13 23h00.19.340553 +0530,
0.7,1000,exp,228,0,19,space,0.8114361999323592,None,500,1,[2.030236499966122],[2.0302470000460744],19,0,228,5,1057.9005302999867,,1057.8858565000119,1057.9005302999867,1058.9007086000638,1058.9007086000638,1058.9007086000638,1059.7177112000063,space,0.8114361999323592,None,1059.7189574000658,1060.41733936669,1060.7220747000538,1060.7147807000438,1060.7150777999777,1060.7220747000538,1060.7220747000538,1060.7220747000538,1062.7527115000412,500,1,[2.030236499966122],[2.0302470000460744],aj_1,001,2025-11-13_23h00.12.150,intentional_binding,,2025.1.1,59.906856848985115,2025-11-13 23h00.19.340553 +0530,
0.1,400,unexp,229,1,19,space,0.44335890002548695,None,999,1,[4.406606300035492],[4.406621600035578],19,1,229,0,1062.766907399986,,1062.7531792999944,1062.766907399986,1063.7670452999882,1063.7670452999882,1063.7670452999882,1064.2176628999878,space,0.44335890002548695,None,1064.2194087000098,1064.3172791667205,1064.6282103999984,1064.6161821000278,1064.616754500079,1064.6282103999984,1064.6282103999984,1064.6282103999984,1069.0351757999742,999,1,[4.406606300035492],[4.406621600035578],aj_1,001,2025-11-13_23h00.12.150,intentional_binding,,2025.1.1,59.906856848985115,2025-11-13 23h00.19.340553 +0530,
0.7,1000,exp,230,2,19,space,0.23593630001414567,None,300,1,[1.9752423000754789],[1.9752557000610977],19,2,230,11,1069.0502602000488,,1069.035483899992,1069.0502602000488,1070.050436999998,1070.050436999998,1070.050436999998,1070.3018785000313,space,0.23593630001414567,None,1070.3029894999927,1071.0172365666988,1071.3263289000606,1071.3143181999912,1071.3148326000664,1071.3263289000606,1071.3263289000606,1071.3263289000606,1073.3020313000306,300,1,[1.9752423000754789],[1.9752557000610977],aj_1,001,2025-11-13_23h00.12.150,intentional_binding,,2025.1.1,59.906856848985115,2025-11-13 23h00.19.340553 +0530,
0.1,1000,exp,231,3,19,space,0.26774829998612404,None,300,1,[4.038870099931955],[4.038880300009623],19,3,231,3,1073.3171009999933,,1073.3024672999745,1073.3171009999933,1074.3171823000303,1074.3171823000303,1074.3171823000303,1074.6010438000085,space,0.26774829998612404,None,1074.601787700085,1074.7002188666413,1075.0122402000707,1074.995019700029,1074.9955898000626,1075.0122402000707,1075.0122402000707,1075.0122402000707,1079.051492300001,300,1,[4.038870099931955],[4.038880300009623],aj_1,001,2025-11-13_23h00.12.150,intentional_binding,,2025.1.1,59.906856848985115,2025-11-13 23h00.19.340553 +0530,
0.7,1000,exp,232,4,19,space,0.2109976999927312,None,500,1,[2.0884300000034273],[2.0884401999646798],19,4,232,8,1079.0669654000085,,1079.0517930000788,1079.0669654000085,1080.0669635999948,1080.0669635999948,1080.0669635999948,1080.2846403000876,space,0.2109976999927312,None,1080.2857050000457,1080.9837218666837,1081.296074800077,1081.280907300068,1081.2815299000358,1081.296074800077,1081.296074800077,1081.296074800077,1083.3848751999903,500,1,[2.0884300000034273],[2.0884401999646798],aj_1,001,2025-11-13_23h00.12.150,intentional_binding,,2025.1.1,59.906856848985115,2025-11-13 23h00.19.340553 +0530,
0.7,400,unexp,233,5,19,space,0.42403830005787313,None,900,1,[3.825690900092013],[3.825697200023569],19,5,233,2,1083.4006078999955,,1083.3851765000727,1083.4006078999955,1084.4009481000248,1084.4009481000248,1084.4009481000248,1084.8343707000604,space,0.42403830005787313,None,1084.835416099988,1085.533568166724,1085.842428300064,1085.8304473999888,1085.8310728999786,1085.842428300064,1085.842428300064,1085.842428300064,1089.6684119000565,900,1,[3.825690900092013],[3.825697200023569],aj_1,001,2025-11-13_23h00.12.150,intentional_binding,,2025.1.1,59.906856848985115,2025-11-13 23h00.19.340553 +0530,
0.4,400,unexp,234,6,19,space,0.25132080004550517,None,0,1,[1.5633256000000983],[1.5633332000579685],19,6,234,1,1089.6838089000667,,1089.6686029999983,1089.6838089000667,1090.6836333000101,1090.6836333000101,1090.6836333000101,1090.9515290000709,space,0.25132080004550517,None,1090.9527354000602,1091.3667461666666,1091.6706427000463,1091.6626396999927,1091.6632425000425,1091.6706427000463,1091.6706427000463,1091.6706427000463,1093.2342708000215,0,1,[1.5633256000000983],[1.5633332000579685],aj_1,001,2025-11-13_23h00.12.150,intentional_binding,,2025.1.1,59.906856848985115,2025-11-13 23h00.19.340553 +0530,
0.4,1000,exp,235,7,19,space,0.2314407000085339,None,100,1,[3.8077235999517143],[3.8077663999283686],19,7,235,4,1093.2503039999865,,1093.2345182000427,1093.2503039999865,1094.2334566999925,1094.2334566999925,1094.2504524000688,1094.4676117000636,space,0.2314407000085339,None,1094.4687324999832,1094.8668925667337,1095.1758312999737,1095.1624076999724,1095.1630185000831,1095.1758312999737,1095.1758312999737,1095.1758312999737,1098.9837972000241,100,1,[3.8077235999517143],[3.8077663999283686],aj_1,001,2025-11-13_23h00.12.150,intentional_binding,,2025.1.1,59.906856848985115,2025-11-13 23h00.19.340553 +0530,
0.1,1000,exp,236,8,19,space,0.3003296999959275,None,200,1,[1.7682930000592023],[1.7683055000379682],19,8,236,9,1099.0001123000402,,1098.983982500038,1099.0001123000402,1099.9834318000358,1099.9834318000358,1100.0005970000057,1100.3005617000163,space,0.3003296999959275,None,1100.3009926000377,1100.4000798667005,1100.7162390000885,1100.700397000066,1100.7009938000701,1100.7162390000885,1100.7162390000885,1100.7162390000885,1102.4849720000057,200,1,[1.7682930000592023],[1.7683055000379682],aj_1,001,2025-11-13_23h00.12.150,intentional_binding,,2025.1.1,59.906856848985115,2025-11-13 23h00.19.340553 +0530,
0.4,1000,exp,237,9,19,space,0.44373169995378703,None,500,1,[1.7056327000027522],[1.7056380999274552],19,9,237,7,1102.5001873000292,,1102.4853406000184,1102.5001873000292,1103.5004909000127,1103.5004909000127,1103.5004909000127,1103.9500677000033,space,0.44373169995378703,None,1103.950535000069,1104.3500671666736,1104.6613428000128,1104.6502457000315,1104.6509536000667,1104.6613428000128,1104.6613428000128,1104.6613428000128,1106.367177600041,500,1,[1.7056327000027522],[1.7056380999274552],aj_1,001,2025-11-13_23h00.12.150,intentional_binding,,2025.1.1,59.906856848985115,2025-11-13 23h00.19.340553 +0530,
0.4,1000,exp,238,10,19,space,0.24031179992016405,None,300,1,[5.31426990008913],[5.314277100027539],19,10,238,10,1106.3831125000725,,1106.367350500077,1106.3831125000725,1107.366610600031,1107.366610600031,1107.3832137000281,1107.6175326000666,space,0.24031179992016405,None,1107.619145500008,1108.0169411666614,1108.320732400054,1108.3128627000842,1108.31318190007,1108.320732400054,1108.320732400054,1108.320732400054,1113.6352536000777,300,1,[5.31426990008913],[5.314277100027539],aj_1,001,2025-11-13_23h00.12.150,intentional_binding,,2025.1.1,59.906856848985115,2025-11-13 23h00.19.340553 +0530,
0.1,1000,exp,239,11,19,space,0.23956050002016127,None,100,1,[1.6557863000780344],[1.6557933000149205],19,11,239,6,1113.6503157999832,,1113.6354480000446,1113.6503157999832,1114.650421999977,1114.650421999977,1114.650421999977,1114.9009623000165,space,0.23956050002016127,None,1114.9021602000576,1115.0169458666971,1115.3279671000782,1115.3130972000072,1115.313700800063,1115.3279671000782,1115.3279671000782,1115.3279671000782,1116.9840335000772,100,1,[1.6557863000780344],[1.6557933000149205],aj_1,001,2025-11-13_23h00.12.150,intentional_binding,,2025.1.1,59.906856848985115,2025-11-13 23h00.19.340553 +0530,
0.1,1000,exp,240,0,20,space,0.3419755999930203,None,100,1,[1.1067807999206707],[1.1067897999892011],20,0,240,6,1117.0002234000713,,1116.984273900045,1117.0002234000713,1117.9833649999928,1117.9833649999928,1118.0002665000502,1118.3338815000607,space,0.3419755999930203,None,1118.334821700002,1118.4336363666846,1118.7439927000087,1118.7332246999722,1118.733725200058,1118.7439927000087,1118.7439927000087,1118.7439927000087,1119.851097100065,100,1,[1.1067807999206707],[1.1067897999892011],aj_1,001,2025-11-13_23h00.12.150,intentional_binding,,2025.1.1,59.906856848985115,2025-11-13 23h00.19.340553 +0530,
0.7,400,unexp,241,1,20,space,0.47317340003792197,None,0,1,[1.2418143999530002],[1.2418231999035925],20,1,241,2,1119.8666363999946,,1119.8513233000413,1119.8666363999946,1120.8668619000819,1120.8668619000819,1120.8668619000819,1121.3509292000672,space,0.47317340003792197,None,1121.352080199984,1122.0665334667467,1122.375330900075,1122.3646258000517,1122.3651502000866,1122.375330900075,1122.375330900075,1122.375330900075,1123.6174257000675,0,1,[1.2418143999530002],[1.2418231999035925],aj_1,001,2025-11-13_23h00.12.150,intentional_binding,,2025.1.1,59.906856848985115,2025-11-13 23h00.19.340553 +0530,
0.1,400,unexp,242,2,20,space,0.27613670006394386,None,0,1,[1.2578144000144675],[1.2578204000601545],20,2,242,0,1123.6330368000781,,1123.6177205999848,1123.6330368000781,1124.6168706000317,1124.6168706000317,1124.6335679000476,1124.9011315000243,space,0.27613670006394386,None,1124.902407500078,1125.016844066737,1125.3263077000156,1125.3120749000227,1125.3125439999858,1125.3263077000156,1125.3263077000156,1125.3263077000156,1126.584447500063,0,1,[1.2578144000144675],[1.2578204000601545],aj_1,001,2025-11-13_23h00.12.150,intentional_binding,,2025.1.1,59.906856848985115,2025-11-13 23h00.19.340553 +0530,
0.1,1000,exp,243,3,20,space,0.2445971000706777,None,300,1,[1.774021500023082],[1.7740332999965176],20,3,243,9,1126.600172400009,,1126.5847991000628,1126.600172400009,1127.5834603999974,1127.5834603999974,1127.6002638000064,1127.8337009000825,space,0.2445971000706777,None,1127.8342706999974,1127.9333862666429,1128.2442628000863,1128.2336052000755,1128.2341928000096,1128.2442628000863,1128.2442628000863,1128.2442628000863,1130.0186472000787,300,1,[1.774021500023082],[1.7740332999965176],aj_1,001,2025-11-13_23h00.12.150,intentional_binding,,2025.1.1,59.906856848985115,2025-11-13 23h00.19.340553 +0530,
0.7,1000,exp,244,4,20,space,0.2546159999910742,None,400,1,[1.3163402000209317],[1.3163497999776155],20,4,244,5,1130.0335136000067,,1130.0190188999986,1130.0335136000067,1131.0332512999885,1131.0332512999885,1131.0332512999885,1131.3004150000634,space,0.2546159999910742,None,1131.3014398000669,1131.999836666688,1132.3004873000318,1132.2933614000212,1132.293692199979,1132.3004873000318,1132.3004873000318,1132.3004873000318,1133.6171185000567,400,1,[1.3163402000209317],[1.3163497999776155],aj_1,001,2025-11-13_23h00.12.150,intentional_binding,,2025.1.1,59.906856848985115,2025-11-13 23h00.19.340553 +0530,
0.4,1000,exp,245,5,20,space,0.26818499993532896,None,400,1,[1.2690094000427052],[1.2690154000883922],20,5,245,4,1133.633212900022,,1133.6174676000373,1133.633212900022,1134.6167307000142,1134.6167307000142,1134.633040899993,1134.9008068999974,space,0.26818499993532896,None,1134.9013124000048,1135.2998626666997,1135.6145637000445,1135.600816100021,1135.6013987000333,1135.6145637000445,1135.6145637000445,1135.6145637000445,1136.8838343999814,400,1,[1.2690094000427052],[1.2690154000883922],aj_1,001,2025-11-13_23h00.12.150,intentional_binding,,2025.1.1,59.906856848985115,2025-11-13 23h00.19.340553 +0530,
0.4,1000,exp,246,6,20,space,0.16751910001039505,None,800,1,[1.160327299963683],[1.160333800013177],20,6,246,7,1136.8998950000387,,1136.8840271000518,1136.8998950000387,1137.8835032000206,1137.8835032000206,1137.9002240999835,1138.0674737000372,space,0.16751910001039505,None,1138.0686075000558,1138.4668152667039,1138.7731041000225,1138.7632644000696,1138.7638093000278,1138.7731041000225,1138.7731041000225,1138.7731041000225,1139.933641700074,800,1,[1.160327299963683],[1.160333800013177],aj_1,001,2025-11-13_23h00.12.150,intentional_binding,,2025.1.1,59.906856848985115,2025-11-13 23h00.19.340553 +0530,
0.4,1000,exp,247,7,20,space,0.23234660003799945,None,500,1,[1.3415029000025243],[1.3415303999790922],20,7,247,10,1139.9496324000647,,1139.933834400028,1139.9496324000647,1140.9335047000786,1140.9335047000786,1140.9501625000266,1141.1676744000288,space,0.23234660003799945,None,1141.1687444000272,1141.5834168666663,1141.8929035000037,1141.8835293999873,1141.8840933999745,1141.8929035000037,1141.8929035000037,1141.8929035000037,1143.2349327000557,500,1,[1.3415029000025243],[1.3415303999790922],aj_1,001,2025-11-13_23h00.12.150,intentional_binding,,2025.1.1,59.906856848985115,2025-11-13 23h00.19.340553 +0530,
0.7,1000,exp,248,8,20,space,0.2192219999851659,None,999,1,[1.4071292999433354],[1.4071386000141501],20,8,248,11,1143.2498871000716,,1143.2352651000256,1143.2498871000716,1144.2498518000357,1144.2498518000357,1144.2498518000357,1144.483675400028,space,0.2192219999851659,None,1144.484753100085,1145.182846666725,1145.4929745000554,1145.4798650000012,1145.4804889999796,1145.4929745000554,1145.4929745000554,1145.4929745000554,1146.9004540999886,999,1,[1.4071292999433354],[1.4071386000141501],aj_1,001,2025-11-13_23h00.12.150,intentional_binding,,2025.1.1,59.906856848985115,2025-11-13 23h00.19.340553 +0530,
0.4,400,unexp,249,9,20,space,0.41017659998033196,None,0,1,[1.3675698000006378],[1.3675782999489456],20,9,249,1,1146.9166179000167,,1146.900749500026,1146.9166179000167,1147.9000550999772,1147.9000550999772,1147.916748000076,1148.3180023999885,space,0.41017659998033196,None,1148.3194709999952,1148.7331304667207,1149.0492104000878,1149.0348120999988,1149.0354154000524,1149.0492104000878,1149.0492104000878,1149.0492104000878,1150.41707700002,0,1,[1.3675698000006378],[1.3675782999489456],aj_1,001,2025-11-13_23h00.12.150,intentional_binding,,2025.1.1,59.906856848985115,2025-11-13 23h00.19.340553 +0530,
0.1,1000,exp,250,10,20,space,0.26713589997962117,None,200,1,[1.7833549999631941],[1.7833638000302017],20,10,250,3,1150.4330981000094,,1150.4173480999889,1150.4330981000094,1151.416890099994,1151.416890099994,1151.4334523000289,1151.7010362000437,space,0.26713589997962117,None,1151.7021837000502,1151.816762166742,1152.117588300025,1152.1112582000205,1152.1115164000075,1152.117588300025,1152.117588300025,1152.117588300025,1153.9012250000378,200,1,[1.7833549999631941],[1.7833638000302017],aj_1,001,2025-11-13_23h00.12.150,intentional_binding,,2025.1.1,59.906856848985115,2025-11-13 23h00.19.340553 +0530,
0.7,1000,exp,251,11,20,space,0.4452527000103146,None,999,1,[1.424059700104408],[1.4240697000641376],20,11,251,8,1153.9164461999899,,1153.901486100047,1153.9164461999899,1154.916759200045,1154.916759200045,1154.916759200045,1155.3673206000822,space,0.4452527000103146,None,1155.3687641000142,1156.066481866703,1156.376286100014,1156.364008000004,1156.3647825000808,1156.376286100014,1156.376286100014,1156.376286100014,1157.8006930000847,999,1,[1.424059700104408],[1.4240697000641376],aj_1,001,2025-11-13_23h00.12.150,intentional_binding,,2025.1.1,59.906856848985115,2025-11-13 23h00.19.340553 +0530,
0.7,1000,exp,252,0,21,space,0.30670650000683963,None,500,1,[1.6382131000282243],[1.6382233999902382],21,0,252,11,1157.8164639000315,,1157.8010084000416,1157.8164639000315,1158.8167111000512,1158.8167111000512,1158.8167111000512,1159.1335273000877,space,0.30670650000683963,None,1159.1341102999868,1159.8331252666578,1160.1451353000011,1160.1290944999782,1160.130111000035,1160.1451353000011,1160.1451353000011,1160.1451353000011,1161.7838701000437,500,1,[1.6382131000282243],[1.6382233999902382],aj_1,001,2025-11-13_23h00.12.150,intentional_binding,,2025.1.1,59.906856848985115,2025-11-13 23h00.19.340553 +0530,
0.1,400,unexp,253,1,21,space,0.28078219993039966,None,0,1,[1.2766491000074893],[1.2766796000069007],21,1,253,0,1161.7999291999731,,1161.7841889000265,1161.7999291999731,1162.799804600072,1162.799804600072,1162.799804600072,1163.0839945999905,space,0.28078219993039966,None,1163.0850731000537,1163.1994411666567,1163.506960800034,1163.4938751000445,1163.4944820000092,1163.506960800034,1163.506960800034,1163.506960800034,1164.7839986999752,0,1,[1.2766491000074893],[1.2766796000069007],aj_1,001,2025-11-13_23h00.12.150,intentional_binding,,2025.1.1,59.906856848985115,2025-11-13 23h00.19.340553 +0530,
0.7,1000,exp,254,2,21,space,0.2247063999529928,None,600,1,[2.3735485000070184],[2.3735614999895915],21,2,254,8,1164.799783000024,,1164.7843411000213,1164.799783000024,1165.7828779000556,1165.7828779000556,1165.7999759999802,1166.0174257999752,space,0.2247063999529928,None,1166.0185686000623,1166.7329505667478,1167.0436366000213,1167.0327494000085,1167.0334686000133,1167.0436366000213,1167.0436366000213,1167.0436366000213,1169.4175503000151,600,1,[2.3735485000070184],[2.3735614999895915],aj_1,001,2025-11-13_23h00.12.150,intentional_binding,,2025.1.1,59.906856848985115,2025-11-13 23h00.19.340553 +0530,
0.1,1000,exp,255,3,21,space,0.25687340006697923,None,300,1,[2.0531488000415266],[2.053161200019531],21,3,255,9,1169.4330426000524,,1169.4178855000064,1169.4330426000524,1170.4166690000566,1170.4166690000566,1170.432940699975,1170.6838200000348,space,0.25687340006697923,None,1170.6857013000408,1170.7830542666527,1171.0977139000315,1171.0828146000858,1171.0834222000558,1171.0977139000315,1171.0977139000315,1171.0977139000315,1173.151258100057,300,1,[2.0531488000415266],[2.053161200019531],aj_1,001,2025-11-13_23h00.12.150,intentional_binding,,2025.1.1,59.906856848985115,2025-11-13 23h00.19.340553 +0530,
0.4,1000,exp,256,4,21,space,0.2586479999590665,None,300,1,[1.2382739000022411],[1.2382827000692487],21,4,256,7,1173.1664762999862,,1173.1515927000437,1173.1664762999862,1174.1667543000076,1174.1667543000076,1174.1667543000076,1174.4339385000058,space,0.2586479999590665,None,1174.4350392000051,1174.8332334666668,1175.1457273000851,1175.1307043000124,1175.131649499992,1175.1457273000851,1175.1457273000851,1175.1457273000851,1176.3843638000544,300,1,[1.2382739000022411],[1.2382827000692487],aj_1,001,2025-11-13_23h00.12.150,intentional_binding,,2025.1.1,59.906856848985115,2025-11-13 23h00.19.340553 +0530,
0.4,400,unexp,257,5,21,space,0.2521760000381619,None,0,1,[0.8546656999969855],[0.8546739000594243],21,5,257,1,1176.399570700014,,1176.384648200008,1176.399570700014,1177.3998886999907,1177.3998886999907,1177.3998886999907,1177.6675015999936,space,0.2521760000381619,None,1177.6687454000348,1178.0828969666657,1178.3959410000825,1178.3813566999743,1178.3819801000645,1178.3959410000825,1178.3959410000825,1178.3959410000825,1179.2510787000647,0,1,[0.8546656999969855],[0.8546739000594243],aj_1,001,2025-11-13_23h00.12.150,intentional_binding,,2025.1.1,59.906856848985115,2025-11-13 23h00.19.340553 +0530,
0.4,1000,exp,258,6,21,space,0.2662745000561699,None,300,1,[2.0238784999819472],[2.0238883999409154],21,6,258,10,1179.2661529000616,,1179.2512879000278,1179.2661529000616,1180.2668142999755,1180.2668142999755,1180.2668142999755,1180.5507638000418,space,0.2662745000561699,None,1180.5518638000358,1180.9498532666514,1181.2594582000747,1181.2453543000156,1181.245913400082,1181.2594582000747,1181.2594582000747,1181.2594582000747,1183.2836210000096,300,1,[2.0238784999819472],[2.0238883999409154],aj_1,001,2025-11-13_23h00.12.150,intentional_binding,,2025.1.1,59.906856848985115,2025-11-13 23h00.19.340553 +0530,
0.4,1000,exp,259,7,21,space,0.28596729994751513,None,300,1,[1.786670400062576],[1.7866795000154525],21,7,259,4,1183.2998586000176,,1183.283864099998,1183.2998586000176,1184.2832686000038,1184.2832686000038,1184.2996460000286,1184.5836817000527,space,0.28596729994751513,None,1184.5844363999786,1184.982922566651,1185.2971846000291,1185.2830897000385,1185.2837281000102,1185.2971846000291,1185.2971846000291,1185.2971846000291,1187.0841852000449,300,1,[1.786670400062576],[1.7866795000154525],aj_1,001,2025-11-13_23h00.12.150,intentional_binding,,2025.1.1,59.906856848985115,2025-11-13 23h00.19.340553 +0530,
0.7,400,unexp,260,8,21,space,0.8489894999656826,None,500,1,[2.1614610999822617],[2.1614673999138176],21,8,260,2,1187.0998327999841,,1187.084545299993,1187.0998327999841,1188.0997673000675,1188.0997673000675,1188.0997673000675,1188.9505996999796,space,0.8489894999656826,None,1188.9517495000036,1189.6663550666456,1189.9719722999725,1189.9596586000407,1189.9602820000146,1189.9719722999725,1189.9719722999725,1189.9719722999725,1192.1337128999876,500,1,[2.1614610999822617],[2.1614673999138176],aj_1,001,2025-11-13_23h00.12.150,intentional_binding,,2025.1.1,59.906856848985115,2025-11-13 23h00.19.340553 +0530,
0.7,1000,exp,261,9,21,space,0.7756382999941707,None,600,1,[2.010072599980049],[2.0100790000287816],21,9,261,5,1192.1492414000677,,1192.1339505000506,1192.1492414000677,1193.1333198000211,1193.1333198000211,1193.1496305000037,1193.9171892000595,space,0.7756382999941707,None,1193.9182495999848,1194.6328889666513,1194.940167700057,1194.9314698000671,1194.9318104999838,1194.940167700057,1194.940167700057,1194.940167700057,1196.9504818000132,600,1,[2.010072599980049],[2.0100790000287816],aj_1,001,2025-11-13_23h00.12.150,intentional_binding,,2025.1.1,59.906856848985115,2025-11-13 23h00.19.340553 +0530,
0.1,1000,exp,262,10,21,space,0.8721006000414491,None,0,1,[1.0906836000503972],[1.0906919999979436],21,10,262,3,1196.9665071000345,,1196.9507062999764,1196.9665071000345,1197.9663202000083,1197.9663202000083,1197.9663202000083,1198.8504358000355,space,0.8721006000414491,None,1198.8515562000684,1198.9661784667444,1199.2768332000123,1199.2619832999771,1199.2626262999838,1199.2768332000123,1199.2768332000123,1199.2768332000123,1200.3678276999854,0,1,[1.0906836000503972],[1.0906919999979436],aj_1,001,2025-11-13_23h00.12.150,intentional_binding,,2025.1.1,59.906856848985115,2025-11-13 23h00.19.340553 +0530,
0.1,1000,exp,263,11,21,space,0.6126444999827072,None,0,1,[1.2730559000046924],[1.2730665999697521],21,11,263,6,1200.3825761000626,,1200.3680603000103,1200.3825761000626,1201.3826666000532,1201.3826666000532,1201.3826666000532,1202.0004296000116,space,0.6126444999827072,None,1202.0019343000604,1202.1163233667069,1202.4274495000718,1202.412682800088,1202.4133170000277,1202.4274495000718,1202.4274495000718,1202.4274495000718,1203.7008427000837,0,1,[1.2730559000046924],[1.2730665999697521],aj_1,001,2025-11-13_23h00.12.150,intentional_binding,,2025.1.1,59.906856848985115,2025-11-13 23h00.19.340553 +0530,
0.4,400,unexp,264,0,22,space,0.42319270002190024,None,0,1,[0.9234006999759004],[0.9234094999264926],22,0,264,1,1203.7159982000012,,1203.701256499975,1203.7159982000012,1204.7160253999755,1204.7160253999755,1204.7160253999755,1205.1504978000885,space,0.42319270002190024,None,1205.1518753999844,1205.5661187667322,1205.8765486000339,1205.8647514000768,1205.8653092000168,1205.8765486000339,1205.8765486000339,1205.8765486000339,1206.8002032000804,0,1,[0.9234006999759004],[0.9234094999264926],aj_1,001,2025-11-13_23h00.12.150,intentional_binding,,2025.1.1,59.906856848985115,2025-11-13 23h00.19.340553 +0530,
0.4,1000,exp,265,1,22,space,0.25517730007413775,None,0,1,[0.8123511000303552],[0.8123648000182584],22,1,265,10,1206.8159745000303,,1206.8004501999822,1206.8159745000303,1207.7999136000872,1207.7999136000872,1207.8160780000035,1208.0666136000073,space,0.25517730007413775,None,1208.0673621000024,1208.4660953666937,1208.7715726000024,1208.7614860000322,1208.7618963000132,1208.7715726000024,1208.7715726000024,1208.7715726000024,1209.5843284000875,0,1,[0.8123511000303552],[0.8123648000182584],aj_1,001,2025-11-13_23h00.12.150,intentional_binding,,2025.1.1,59.906856848985115,2025-11-13 23h00.19.340553 +0530,
0.7,1000,exp,266,2,22,space,0.2606594000244513,None,0,1,[0.707511099986732],[0.7075173000339419],22,2,266,11,1209.5994221,,1209.5847021000227,1209.5994221,1210.5995926000178,1210.5995926000178,1210.5995926000178,1210.8670363000128,space,0.2606594000244513,None,1210.8681765000802,1211.5662234667145,1211.8755075000226,1211.8649280000245,1211.8654451000039,1211.8755075000226,1211.8755075000226,1211.8755075000226,1212.5832182000158,0,1,[0.707511099986732],[0.7075173000339419],aj_1,001,2025-11-13_23h00.12.150,intentional_binding,,2025.1.1,59.906856848985115,2025-11-13 23h00.19.340553 +0530,
0.1,1000,exp,267,3,22,space,0.2503464000765234,None,0,1,[1.0634004999883473],[1.0634081000462174],22,3,267,6,1212.5991869000718,,1212.5835170000792,1212.5991869000718,1213.582761800033,1213.582761800033,1213.6000258000568,1213.8504977000412,space,0.2503464000765234,None,1213.8520048999926,1213.9660516667102,1214.269446499995,1214.2622692000587,1214.2627162000863,1214.269446499995,1214.269446499995,1214.269446499995,1215.333120400086,0,1,[1.0634004999883473],[1.0634081000462174],aj_1,001,2025-11-13_23h00.12.150,intentional_binding,,2025.1.1,59.906856848985115,2025-11-13 23h00.19.340553 +0530,
0.4,1000,exp,268,4,22,space,0.3280201000161469,None,500,1,[1.133514799992554],[1.133521300042048],22,4,268,4,1215.3491718000732,,1215.333356600022,1215.3491718000732,1216.3325107999844,1216.3325107999844,1216.3495543000754,1216.6676949000685,space,0.3280201000161469,None,1216.6691221999936,1217.0828109667093,1217.3994620000012,1217.3854646000545,1217.3860715000192,1217.3994620000012,1217.3994620000012,1217.3994620000012,1218.5332460000645,500,1,[1.133514799992554],[1.133521300042048],aj_1,001,2025-11-13_23h00.12.150,intentional_binding,,2025.1.1,59.906856848985115,2025-11-13 23h00.19.340553 +0530,
0.7,1000,exp,269,5,22,space,0.36393509991467,None,500,1,[0.9905959999887273],[0.9906067999545485],22,5,269,8,1218.5494085000828,,1218.5334655999904,1218.5494085000828,1219.5325368000194,1219.5325368000194,1219.549643300008,1219.9002376000863,space,0.36393509991467,None,1219.9013942000456,1220.6161393667028,1220.92601559998,1220.9108088000212,1220.9118063000496,1220.92601559998,1220.92601559998,1220.92601559998,1221.9169136000564,500,1,[0.9905959999887273],[0.9906067999545485],aj_1,001,2025-11-13_23h00.12.150,intentional_binding,,2025.1.1,59.906856848985115,2025-11-13 23h00.19.340553 +0530,
0.1,400,unexp,270,6,22,space,0.2885679999599233,None,0 ,1,[1.5792955999495462],[1.5793072000378743],22,6,270,0,1221.932957299985,,1221.9172074000817,1221.932957299985,1222.9163261000067,1222.9163261000067,1222.9330881000496,1223.216853799997,space,0.2885679999599233,None,1223.217992400052,1223.3161641667286,1223.621015700046,1223.6096543000313,1223.610192000051,1223.621015700046,1223.621015700046,1223.621015700046,1225.200609200052,0 ,1,[1.5792955999495462],[1.5793072000378743],aj_1,001,2025-11-13_23h00.12.150,intentional_binding,,2025.1.1,59.906856848985115,2025-11-13 23h00.19.340553 +0530,
0.4,1000,exp,271,7,22,space,0.2453464000718668,None,500,1,[1.0809894000412896],[1.080997999990359],22,7,271,7,1225.2157855000114,,1225.2009120000293,1225.2157855000114,1226.216116100084,1226.216116100084,1226.216116100084,1226.466457100003,space,0.2453464000718668,None,1226.4671826000558,1226.866120566676,1227.1695248000324,1227.1600966000697,1227.1605816000374,1227.1695248000324,1227.1695248000324,1227.1695248000324,1228.2508692999836,500,1,[1.0809894000412896],[1.080997999990359],aj_1,001,2025-11-13_23h00.12.150,intentional_binding,,2025.1.1,59.906856848985115,2025-11-13 23h00.19.340553 +0530,
0.7,400,unexp,272,8,22,space,0.23665419989265501,None,0,1,[1.7734352999832481],[1.7734449000563473],22,8,272,2,1228.2659869000781,,1228.2512347999727,1228.2659869000781,1229.2661037000362,1229.2661037000362,1229.2661037000362,1229.51712460001,space,0.23665419989265501,None,1229.5187108999817,1230.2325340667196,1230.5439549000002,1230.5329383000499,1230.5333644000348,1230.5439549000002,1230.5439549000002,1230.5439549000002,1232.3176869000308,0,1,[1.7734352999832481],[1.7734449000563473],aj_1,001,2025-11-13_23h00.12.150,intentional_binding,,2025.1.1,59.906856848985115,2025-11-13 23h00.19.340553 +0530,
0.1,1000,exp,273,9,22,space,0.3332847999408841,None,400 ,1,[2.5898467999650165],[2.5898537000175565],22,9,273,3,1232.3329809000716,,1232.3179590000072,1232.3329809000716,1233.3328263000585,1233.3328263000585,1233.3328263000585,1233.6831278000027,space,0.3332847999408841,None,1233.6838689000579,1233.7826022667034,1234.09303930006,1234.0840008000378,1234.0843390000518,1234.09303930006,1234.09303930006,1234.09303930006,1236.6831218000734,400 ,1,[2.5898467999650165],[2.5898537000175565],aj_1,001,2025-11-13_23h00.12.150,intentional_binding,,2025.1.1,59.906856848985115,2025-11-13 23h00.19.340553 +0530,
0.7,1000,exp,274,10,22,space,0.2672560999635607,None,300,1,[0.9141044999705628],[0.9141117000253871],22,10,274,5,1236.6995034000138,,1236.6833303000312,1236.6995034000138,1237.6824145000428,1237.6824145000428,1237.6990232000826,1237.9661003000801,space,0.2672560999635607,None,1237.9665581000736,1238.6657317666725,1238.9692035000771,1238.9624346999917,1238.9626845000312,1238.9692035000771,1238.9692035000771,1238.9692035000771,1239.883635599981,300,1,[0.9141044999705628],[0.9141117000253871],aj_1,001,2025-11-13_23h00.12.150,intentional_binding,,2025.1.1,59.906856848985115,2025-11-13 23h00.19.340553 +0530,
0.1,1000,exp,275,11,22,space,0.336111499927938,None,700,1,[1.0145563000114635],[1.0145759999286383],22,11,275,9,1239.899141700007,,1239.883860400063,1239.899141700007,1240.8990849000402,1240.8990849000402,1240.8990849000402,1241.249429000076,space,0.336111499927938,None,1241.2499349000864,1241.348874566673,1241.6521267000353,1241.6446980000474,1241.6450325000333,1241.6521267000353,1241.6521267000353,1241.6521267000353,1242.666966699995,700,1,[1.0145563000114635],[1.0145759999286383],aj_1,001,2025-11-13_23h00.12.150,intentional_binding,,2025.1.1,59.906856848985115,2025-11-13 23h00.19.340553 +0530,
0.4,400,unexp,276,0,23,space,0.24924350006040186,None,500,1,[0.9432817000197247],[0.9432888999581337],23,0,276,1,1242.68254910002,,1242.6672003000276,1242.68254910002,1243.6820251999889,1243.6820251999889,1243.6820251999889,1243.9328539000126,space,0.24924350006040186,None,1243.9334477999946,1244.3320210667482,1244.6397453000536,1244.6327532000141,1244.6330257999944,1244.6397453000536,1244.6397453000536,1244.6397453000536,1245.5832889000885,500,1,[0.9432817000197247],[0.9432888999581337],aj_1,001,2025-11-13_23h00.12.150,intentional_binding,,2025.1.1,59.906856848985115,2025-11-13 23h00.19.340553 +0530,
0.7,400,unexp,277,1,23,space,0.3968505000229925,None,100,1,[1.5461714999983087],[1.5461778999306262],23,1,277,2,1245.599086400005,,1245.5835970999906,1245.599086400005,1246.5825562999817,1246.5825562999817,1246.5995603000047,1246.982688200078,space,0.3968505000229925,None,1246.9832866999786,1247.682241066654,1247.9870643999893,1247.9786970000714,1247.9791320000077,1247.9870643999893,1247.9870643999893,1247.9870643999893,1249.5334643999813,100,1,[1.5461714999983087],[1.5461778999306262],aj_1,001,2025-11-13_23h00.12.150,intentional_binding,,2025.1.1,59.906856848985115,2025-11-13 23h00.19.340553 +0530,
0.4,1000,exp,278,2,23,space,0.26750820002052933,None,300,1,[1.0116312999743968],[1.0116364000132307],23,2,278,10,1249.5488823000342,,1249.533648599987,1249.5488823000342,1250.5489349000854,1250.5489349000854,1250.5489349000854,1250.8326338999905,space,0.26750820002052933,None,1250.833111600019,1251.2321892666553,1251.5382978999987,1251.5301404000493,1251.5305423000827,1251.5382978999987,1251.5382978999987,1251.5382978999987,1252.5501400000649,300,1,[1.0116312999743968],[1.0116364000132307],aj_1,001,2025-11-13_23h00.12.150,intentional_binding,,2025.1.1,59.906856848985115,2025-11-13 23h00.19.340553 +0530,
0.4,1000,exp,279,3,23,space,0.39070480002555996,None,400,1,[1.2104028000030667],[1.2104114999528974],23,3,279,4,1252.5658015999943,,1252.5503092000727,1252.5658015999943,1253.5657549999887,1253.5657549999887,1253.5657549999887,1253.9662869999884,space,0.39070480002555996,None,1253.9669393000659,1254.3656292666603,1254.672656300012,1254.6605035000248,1254.6611638000468,1254.672656300012,1254.672656300012,1254.672656300012,1255.8833519000327,400,1,[1.2104028000030667],[1.2104114999528974],aj_1,001,2025-11-13_23h00.12.150,intentional_binding,,2025.1.1,59.906856848985115,2025-11-13 23h00.19.340553 +0530,
0.7,1000,exp,280,4,23,space,0.45936240011360496,None,100,1,[0.9146183000411838],[0.9146299000130966],23,4,280,8,1255.8992305999855,,1255.8836004000623,1255.8992305999855,1256.8990227000322,1256.8990227000322,1256.8990227000322,1257.3664672999876,space,0.45936240011360496,None,1257.367158100009,1258.0658387666956,1258.3692000000738,1258.360341200023,1258.3608453000197,1258.3692000000738,1258.3692000000738,1258.3692000000738,1259.284151299973,100,1,[0.9146183000411838],[0.9146299000130966],aj_1,001,2025-11-13_23h00.12.150,intentional_binding,,2025.1.1,59.906856848985115,2025-11-13 23h00.19.340553 +0530,
0.1,1000,exp,281,5,23,space,0.2433372000232339,None,100,1,[0.9553261999972165],[0.9553344000596553],23,5,281,3,1259.2994680000702,,1259.2844550000736,1259.2994680000702,1260.299358200049,1260.299358200049,1260.299358200049,1260.549993499997,space,0.2433372000232339,None,1260.550816199975,1260.64933806664,1260.9621532000601,1260.9509119000286,1260.951489900006,1260.9621532000601,1260.9621532000601,1260.9621532000601,1261.9178026000736,100,1,[0.9553261999972165],[0.9553344000596553],aj_1,001,2025-11-13_23h00.12.150,intentional_binding,,2025.1.1,59.906856848985115,2025-11-13 23h00.19.340553 +0530,
0.7,1000,exp,282,6,23,space,0.2394372000126168,None,100,1,[1.0481645999243483],[1.048172099981457],23,6,282,11,1261.9327724999748,,1261.9180956999771,1261.9327724999748,1262.9322732000146,1262.9322732000146,1262.9322732000146,1263.1833601000253,space,0.2394372000126168,None,1263.1844540999737,1263.8991890666696,1264.2181783000706,1264.2027135000098,1264.2032794000115,1264.2181783000706,1264.2181783000706,1264.2181783000706,1265.266626000055,100,1,[1.0481645999243483],[1.048172099981457],aj_1,001,2025-11-13_23h00.12.150,intentional_binding,,2025.1.1,59.906856848985115,2025-11-13 23h00.19.340553 +0530,
0.4,1000,exp,283,7,23,space,0.7325780000537634,None,300,1,[2.302236899966374],[2.302242200006731],23,7,283,7,1265.2823664000025,,1265.2668269000715,1265.2823664000025,1266.2660291000502,1266.2660291000502,1266.2823698000284,1266.9997793000657,space,0.7325780000537634,None,1267.0002307000104,1267.3990326666428,1267.714219900081,1267.6988292000024,1267.6994082999881,1267.714219900081,1267.714219900081,1267.714219900081,1270.0166677000234,300,1,[2.302236899966374],[2.302242200006731],aj_1,001,2025-11-13_23h00.12.150,intentional_binding,,2025.1.1,59.906856848985115,2025-11-13 23h00.19.340553 +0530,
0.1,1000,exp,284,8,23,space,0.26850040000863373,None,400,1,[1.1932698999298736],[1.1932762999786064],23,8,284,6,1270.0323399000335,,1270.0168415000662,1270.0323399000335,1271.01581110002,1271.01581110002,1271.03271030006,1271.3004208999919,space,0.26850040000863373,None,1271.301398999989,1271.415915166672,1271.7230098000728,1271.7120638000779,1271.712464799988,1271.7230098000728,1271.7230098000728,1271.7230098000728,1272.9164969000267,400,1,[1.1932698999298736],[1.1932762999786064],aj_1,001,2025-11-13_23h00.12.150,intentional_binding,,2025.1.1,59.906856848985115,2025-11-13 23h00.19.340553 +0530,
0.1,1000,exp,285,9,23,space,0.24347980006132275,None,500,1,[1.2249257999937981],[1.2249396999832243],23,9,285,9,1272.9323028000072,,1272.9166836000513,1272.9323028000072,1273.9158731000498,1273.9158731000498,1273.932648200076,1274.1662342000054,space,0.24347980006132275,None,1274.1673316999804,1274.2659002666517,1274.575248499983,1274.5619746000739,1274.5625729999738,1274.575248499983,1274.575248499983,1274.575248499983,1275.8005691000726,500,1,[1.2249257999937981],[1.2249396999832243],aj_1,001,2025-11-13_23h00.12.150,intentional_binding,,2025.1.1,59.906856848985115,2025-11-13 23h00.19.340553 +0530,
0.1,400,unexp,286,10,23,space,0.5035263999598101,None,0,1,[1.031402499997057],[1.0314100000541657],23,10,286,0,1275.816107199993,,1275.8008878000546,1275.816107199993,1276.8156251000473,1276.8156251000473,1276.8156251000473,1277.3328369000228,space,0.5035263999598101,None,1277.3338065000717,1277.4322087666408,1277.7516651999904,1277.735346600064,1277.7359531000257,1277.7516651999904,1277.7516651999904,1277.7516651999904,1278.7833360000513,0,1,[1.031402499997057],[1.0314100000541657],aj_1,001,2025-11-13_23h00.12.150,intentional_binding,,2025.1.1,59.906856848985115,2025-11-13 23h00.19.340553 +0530,
0.7,1000,exp,287,11,23,space,0.2836264999350533,None,400,1,[1.789979900000617],[1.7899895999580622],23,11,287,5,1278.7989785000682,,1278.7835575999925,1278.7989785000682,1279.7823370000115,1279.7823370000115,1279.7991129000438,1280.0671506000217,space,0.2836264999350533,None,1280.068916200078,1280.78233056673,1281.0933745000511,1281.080817500013,1281.0813956999918,1281.0933745000511,1281.0933745000511,1281.0933745000511,1282.8837094000774,400,1,[1.789979900000617],[1.7899895999580622],aj_1,001,2025-11-13_23h00.12.150,intentional_binding,,2025.1.1,59.906856848985115,2025-11-13 23h00.19.340553 +0530,
0.4,400,unexp,288,0,24,space,0.25216949998866767,None,0,1,[1.193099100026302],[1.1931099999928847],24,0,288,1,1282.8989881000016,,1282.883996700053,1282.8989881000016,1283.8993330000667,1283.8993330000667,1283.8993330000667,1284.1661844999762,space,0.25216949998866767,None,1284.16683630005,1284.5655537667374,1284.8735921999905,1284.8644060000079,1284.864811800071,1284.8735921999905,1284.8735921999905,1284.8735921999905,1286.0670110000065,0,1,[1.193099100026302],[1.1931099999928847],aj_1,001,2025-11-13_23h00.12.150,intentional_binding,,2025.1.1,59.906856848985115,2025-11-13 23h00.19.340553 +0530,
0.1,1000,exp,289,1,24,space,0.24758389999624342,None,300,1,[1.6862712999572977],[1.6862841999391094],24,1,289,9,1286.082201500074,,1286.0673778000055,1286.082201500074,1287.0822969999863,1287.0822969999863,1287.0822969999863,1287.3329656000715,space,0.24758389999624342,None,1287.3340631000465,1287.4322967667288,1287.746630800073,1287.7293301000027,1287.7301341000712,1287.746630800073,1287.746630800073,1287.746630800073,1289.433240100043,300,1,[1.6862712999572977],[1.6862841999391094],aj_1,001,2025-11-13_23h00.12.150,intentional_binding,,2025.1.1,59.906856848985115,2025-11-13 23h00.19.340553 +0530,
0.7,1000,exp,290,2,24,space,0.3541976000415161,None,600,1,[1.9463744999375194],[1.9463815999915823],24,2,290,11,1289.4488848000765,,1289.4335732000181,1289.4488848000765,1290.4490072000772,1290.4490072000772,1290.4490072000772,1290.8162545000669,space,0.3541976000415161,None,1290.8170072999783,1291.5157503666744,1291.820186200086,1291.8135856000008,1291.8138696000678,1291.820186200086,1291.820186200086,1291.820186200086,1293.7668430000776,600,1,[1.9463744999375194],[1.9463815999915823],aj_1,001,2025-11-13_23h00.12.150,intentional_binding,,2025.1.1,59.906856848985115,2025-11-13 23h00.19.340553 +0530,
0.4,1000,exp,291,3,24,space,0.22648960002698004,None,500,1,[0.9404179999837652],[0.9404293999541551],24,3,291,7,1293.782188000041,,1293.7670762999915,1293.782188000041,1294.781980299973,1294.781980299973,1294.781980299973,1295.0164422000526,space,0.22648960002698004,None,1295.017531700083,1295.4156831666517,1295.7267385000596,1295.711415900034,1295.7120381999994,1295.7267385000596,1295.7267385000596,1295.7267385000596,1296.667541700066,500,1,[0.9404179999837652],[0.9404293999541551],aj_1,001,2025-11-13_23h00.12.150,intentional_binding,,2025.1.1,59.906856848985115,2025-11-13 23h00.19.340553 +0530,
0.7,1000,exp,292,4,24,space,0.3362084999680519,None,700,1,[1.4900241000577807],[1.4900348000228405],24,4,292,8,1296.6822230999824,,1296.6678315000609,1296.6822230999824,1297.6822681999765,1297.6822681999765,1297.6822681999765,1298.0329551000614,space,0.3362084999680519,None,1298.0340761999832,1298.7324643666545,1299.0431022000266,1299.0333823000547,1299.0339861999964,1299.0431022000266,1299.0431022000266,1299.0431022000266,1300.5337240999797,700,1,[1.4900241000577807],[1.4900348000228405],aj_1,001,2025-11-13_23h00.12.150,intentional_binding,,2025.1.1,59.906856848985115,2025-11-13 23h00.19.340553 +0530,
0.4,1000,exp,293,5,24,space,0.2786769999656826,None,700,1,[1.6036720999982208],[1.6036807999480516],24,5,293,10,1300.5487832999788,,1300.5339933000505,1300.5487832999788,1301.5488218000391,1301.5488218000391,1301.5488218000391,1301.832731100032,space,0.2786769999656826,None,1301.833719599992,1302.2323930666937,1302.5458803999936,1302.5338354000123,1302.5344499000348,1302.5458803999936,1302.5458803999936,1302.5458803999936,1304.1498704000842,700,1,[1.6036720999982208],[1.6036807999480516],aj_1,001,2025-11-13_23h00.12.150,intentional_binding,,2025.1.1,59.906856848985115,2025-11-13 23h00.19.340553 +0530,
0.7,1000,exp,294,6,24,space,0.20183859998360276,None,500,1,[1.254934799973853],[1.2549439000431448],24,6,294,5,1304.1652345000766,,1304.1501277000643,1304.1652345000766,1305.165510000079,1305.165510000079,1305.165510000079,1305.3834723000182,space,0.20183859998360276,None,1305.3847565000178,1306.0988727666593,1306.4110554000363,1306.3995978999883,1306.4000630000373,1306.4110554000363,1306.4110554000363,1306.4110554000363,1307.6662852000445,500,1,[1.254934799973853],[1.2549439000431448],aj_1,001,2025-11-13_23h00.12.150,intentional_binding,,2025.1.1,59.906856848985115,2025-11-13 23h00.19.340553 +0530,
0.7,400,unexp,295,7,24,space,0.3064266999717802,None,0,1,[1.4921500000637025],[1.4921589000150561],24,7,295,2,1307.6819192999974,,1307.6665940000676,1307.6819192999974,1308.6657119999873,1308.6657119999873,1308.6822629000526,1308.982774800039,space,0.3064266999717802,None,1308.9836625000462,1309.682125066702,1309.990790000069,1309.9807800999843,1309.9810811000643,1309.990790000069,1309.990790000069,1309.990790000069,1311.4833856000332,0,1,[1.4921500000637025],[1.4921589000150561],aj_1,001,2025-11-13_23h00.12.150,intentional_binding,,2025.1.1,59.906856848985115,2025-11-13 23h00.19.340553 +0530,
0.1,1000,exp,296,8,24,space,0.23512109997682273,None,400,1,[2.472443100064993],[2.47246640000958],24,8,296,3,1311.4990983000025,,1311.4836421000073,1311.4990983000025,1312.4990416000364,1312.4990416000364,1312.4990416000364,1312.7497644000687,space,0.23512109997682273,None,1312.7513547000708,1312.8656292666603,1313.1773890000768,1313.1637666000752,1313.1643675999949,1313.1773890000768,1313.1773890000768,1313.1773890000768,1315.6503693000413,400,1,[2.472443100064993],[2.47246640000958],aj_1,001,2025-11-13_23h00.12.150,intentional_binding,,2025.1.1,59.906856848985115,2025-11-13 23h00.19.340553 +0530,
0.1,1000,exp,297,9,24,space,0.7856202999828383,None,200,1,[1.3085650000721216],[1.3085744000272825],24,9,297,6,1315.665153500042,,1315.6507547000656,1315.665153500042,1316.6656278000446,1316.6656278000446,1316.6656278000446,1317.466031900025,space,0.7856202999828383,None,1317.466825600015,1317.5657472666974,1317.8742345999926,1317.8656958000502,1317.8660659000743,1317.8742345999926,1317.8742345999926,1317.8742345999926,1319.1830653999932,200,1,[1.3085650000721216],[1.3085744000272825],aj_1,001,2025-11-13_23h00.12.150,intentional_binding,,2025.1.1,59.906856848985115,2025-11-13 23h00.19.340553 +0530,
0.4,1000,exp,298,10,24,space,0.535202500061132,None,100,1,[1.706468899967149],[1.7064817999489605],24,10,298,4,1319.198619700037,,1319.1832713000476,1319.198619700037,1320.1821637999965,1320.1821637999965,1320.1988724999828,1320.7329342000885,space,0.535202500061132,None,1320.7341994000599,1321.1321820667401,1321.4441246000351,1321.4303012000164,1321.4308597000781,1321.4441246000351,1321.4441246000351,1321.4441246000351,1323.150998200057,100,1,[1.706468899967149],[1.7064817999489605],aj_1,001,2025-11-13_23h00.12.150,intentional_binding,,2025.1.1,59.906856848985115,2025-11-13 23h00.19.340553 +0530,
0.1,400,unexp,299,11,24,space,0.19833230006042868,None,0,1,[0.9580728999571875],[0.9580784999998286],24,11,299,0,1323.1658010000829,,1323.1513083999744,1323.1658010000829,1324.1655279999832,1324.1655279999832,1324.1655279999832,1324.3661537000444,space,0.19833230006042868,None,1324.3674146999838,1324.4655932667122,1324.7746071000583,1324.7637066000607,1324.7642171999905,1324.7746071000583,1324.7746071000583,1324.7746071000583,1325.7328660000348,0,1,[0.9580728999571875],[0.9580784999998286],aj_1,001,2025-11-13_23h00.12.150,intentional_binding,,2025.1.1,59.906856848985115,2025-11-13 23h00.19.340553 +0530,
0.1,1000,exp,300,0,25,space,0.09456080000381917,None,100,1,[0.9912272000219673],[0.9912372999824584],25,0,300,9,1325.7485185000114,,1325.7330271999817,1325.7485185000114,1326.7488963999785,1326.7488963999785,1326.7488963999785,1326.8508410999784,space,0.09456080000381917,None,1326.852126999991,1326.9654828666864,1327.275028700009,1327.2629458999727,1327.2636566000292,1327.275028700009,1327.275028700009,1327.275028700009,1328.266653400031,100,1,[0.9912272000219673],[0.9912372999824584],aj_1,001,2025-11-13_23h00.12.150,intentional_binding,,2025.1.1,59.906856848985115,2025-11-13 23h00.19.340553 +0530,
0.4,400,unexp,301,1,25,space,0.22828969999682158,None,400,1,[0.8708975000772625],[0.8709084000438452],25,1,301,1,1328.2821191999828,,1328.2669943000656,1328.2821191999828,1329.2816485000076,1329.2816485000076,1329.2816485000076,1329.5161590999924,space,0.22828969999682158,None,1329.5172259000828,1329.915605466642,1330.2288969000801,1330.2152611999772,1330.2159056999953,1330.2288969000801,1330.2288969000801,1330.2288969000801,1331.1001497000689,400,1,[0.8708975000772625],[0.8709084000438452],aj_1,001,2025-11-13_23h00.12.150,intentional_binding,,2025.1.1,59.906856848985115,2025-11-13 23h00.19.340553 +0530,
0.7,1000,exp,302,2,25,space,0.27138719998765737,None,999,1,[1.8383330999640748],[1.8383465999504551],25,2,302,8,1331.1152205000399,,1331.1004867000738,1331.1152205000399,1332.1155062000034,1332.1155062000034,1332.1155062000034,1332.399854700081,space,0.27138719998765737,None,1332.4011196000502,1333.1152351666863,1333.4282233000267,1333.413984599989,1333.4145837000106,1333.4282233000267,1333.4282233000267,1333.4282233000267,1335.2670054000337,999,1,[1.8383330999640748],[1.8383465999504551],aj_1,001,2025-11-13_23h00.12.150,intentional_binding,,2025.1.1,59.906856848985115,2025-11-13 23h00.19.340553 +0530,
0.1,400,unexp,303,3,25,space,0.26219809998292476,None,100,1,[1.1421731000300497],[1.1421830999897793],25,3,303,0,1335.2819331000792,,1335.2673880000366,1335.2819331000792,1336.2816502000205,1336.2816502000205,1336.2816502000205,1336.5499009999912,space,0.26219809998292476,None,1336.5514125999762,1336.6655440666402,1336.9745231000707,1336.9603659000713,1336.960960400058,1336.9745231000707,1336.9745231000707,1336.9745231000707,1338.1169882999966,100,1,[1.1421731000300497],[1.1421830999897793],aj_1,001,2025-11-13_23h00.12.150,intentional_binding,,2025.1.1,59.906856848985115,2025-11-13 23h00.19.340553 +0530,
0.4,1000,exp,304,4,25,space,0.26684619998559356,None,200,1,[1.0281374999321997],[1.028160799993202],25,4,304,4,1338.1318491999991,,1338.1173069999786,1338.1318491999991,1339.1318130000727,1339.1318130000727,1339.1318130000727,1339.416118000052,space,0.26684619998559356,None,1339.4171059000073,1339.815507066731,1340.1221483000554,1340.1117625000188,1340.112323599984,1340.1221483000554,1340.1221483000554,1340.1221483000554,1341.1508174000774,200,1,[1.0281374999321997],[1.028160799993202],aj_1,001,2025-11-13_23h00.12.150,intentional_binding,,2025.1.1,59.906856848985115,2025-11-13 23h00.19.340553 +0530,
0.7,1000,exp,305,5,25,space,0.32674889999907464,None,500,1,[1.7749927999684587],[1.7750035000499338],25,5,305,11,1341.1654328000732,,1341.1512555000372,1341.1654328000732,1342.1653582000872,1342.1653582000872,1342.1653582000872,1342.4994809000054,space,0.32674889999907464,None,1342.501145599992,1343.21514436667,1343.5245961999753,1343.5129553000443,1343.513699300005,1343.5245961999753,1343.5245961999753,1343.5245961999753,1345.2999379000394,500,1,[1.7749927999684587],[1.7750035000499338],aj_1,001,2025-11-13_23h00.12.150,intentional_binding,,2025.1.1,59.906856848985115,2025-11-13 23h00.19.340553 +0530,
0.4,1000,exp,306,6,25,space,0.2713277000002563,None,400,1,[1.3464931999333203],[1.3465035000117496],25,6,306,7,1345.3151680000592,,1345.3002511999803,1345.3151680000592,1346.315465599997,1346.315465599997,1346.315465599997,1346.599015600048,space,0.2713277000002563,None,1346.599526999984,1346.9981146667308,1347.303226500051,1347.2884816000005,1347.289344000048,1347.303226500051,1347.303226500051,1347.303226500051,1348.6500442000106,400,1,[1.3464931999333203],[1.3465035000117496],aj_1,001,2025-11-13_23h00.12.150,intentional_binding,,2025.1.1,59.906856848985115,2025-11-13 23h00.19.340553 +0530,
0.7,400,unexp,307,7,25,space,0.2350633000023663,None,0 ,1,[1.6685957999434322],[1.6686050000134856],25,7,307,2,1348.6654145000502,,1348.650340900058,1348.6654145000502,1349.6651618999895,1349.6651618999895,1349.6651618999895,1349.916142400005,space,0.2350633000023663,None,1349.9172448000172,1350.6319468666954,1350.9472437000368,1350.9339002000634,1350.9348948000697,1350.9472437000368,1350.9472437000368,1350.9472437000368,1352.6161054000258,0 ,1,[1.6685957999434322],[1.6686050000134856],aj_1,001,2025-11-13_23h00.12.150,intentional_binding,,2025.1.1,59.906856848985115,2025-11-13 23h00.19.340553 +0530,
0.1,1000,exp,308,8,25,space,0.5058799999533221,None,300,1,[1.5833689999999478],[1.583382899989374],25,8,308,3,1352.6319406999974,,1352.6163385000546,1352.6319406999974,1353.6153491000878,1353.6153491000878,1353.6323179000756,1354.1322413000744,space,0.5058799999533221,None,1354.1332340000663,1354.231870666674,1354.5498164000455,1354.5353281000862,1354.535878200084,1354.5498164000455,1354.5498164000455,1354.5498164000455,1356.1338082000148,300,1,[1.5833689999999478],[1.583382899989374],aj_1,001,2025-11-13_23h00.12.150,intentional_binding,,2025.1.1,59.906856848985115,2025-11-13 23h00.19.340553 +0530,
0.7,1000,exp,309,9,25,space,0.49167190003208816,None,400,1,[0.9380756999598816],[0.9380842999089509],25,9,309,5,1356.14862360002,,1356.1341410999885,1356.14862360002,1357.1485347000416,1357.1485347000416,1357.1485347000416,1357.6495199999772,space,0.49167190003208816,None,1357.650786000071,1358.365420966704,1358.6778599000536,1358.6614673000295,1358.6621007000795,1358.6778599000536,1358.6778599000536,1358.6778599000536,1359.616250500083,400,1,[0.9380756999598816],[0.9380842999089509],aj_1,001,2025-11-13_23h00.12.150,intentional_binding,,2025.1.1,59.906856848985115,2025-11-13 23h00.19.340553 +0530,
0.1,1000,exp,310,10,25,space,0.4780380999436602,None,500,1,[1.3103121999884024],[1.3103227999527007],25,10,310,6,1359.631657800055,,1359.6165097000776,1359.631657800055,1360.615496900049,1360.615496900049,1360.631939999992,1361.0991665000329,space,0.4780380999436602,None,1361.1001317000482,1361.1985849666564,1361.5058352000779,1361.4917761000106,1361.4923567000078,1361.5058352000779,1361.5058352000779,1361.5058352000779,1362.816502199974,500,1,[1.3103121999884024],[1.3103227999527007],aj_1,001,2025-11-13_23h00.12.150,intentional_binding,,2025.1.1,59.906856848985115,2025-11-13 23h00.19.340553 +0530,
0.4,1000,exp,311,11,25,space,1.1307832000311464,None,800 ,1,[2.6613922000396997],[2.661403700010851],25,11,311,10,1362.8319145999849,,1362.8168296000222,1362.8319145999849,1363.831453800085,1363.831453800085,1363.831453800085,1364.9657045999775,space,1.1307832000311464,None,1364.9664905000245,1365.3653176667324,1365.6710878000595,1365.6595636000857,1365.6601799000055,1365.6710878000595,1365.6710878000595,1365.6710878000595,1368.3327924000332,800 ,1,[2.6613922000396997],[2.661403700010851],aj_1,001,2025-11-13_23h00.12.150,intentional_binding,,2025.1.1,59.906856848985115,2025-11-13 23h00.19.340553 +0530,
0.7,400,unexp,312,0,26,space,0.34712180006317794,None,100,1,[1.628619599970989],[1.628628599923104],26,0,312,2,1368.348319599987,,1368.333094200003,1368.348319599987,1369.3487108000554,1369.3487108000554,1369.3487108000554,1369.698707100004,space,0.34712180006317794,None,1369.6993522000266,1370.397977066754,1370.703998300014,1370.6958691000473,1370.696625099983,1370.703998300014,1370.703998300014,1370.703998300014,1372.332971099997,100,1,[1.628619599970989],[1.628628599923104],aj_1,001,2025-11-13_23h00.12.150,intentional_binding,,2025.1.1,59.906856848985115,2025-11-13 23h00.19.340553 +0530,
0.4,1000,exp,313,1,26,space,0.4546882000286132,None,,1,[0.5283774000126868],[0.5283909999998286],26,1,313,10,1372.3487317999825,,1372.3332473000046,1372.3487317999825,1373.3486723999958,1373.3486723999958,1373.3486723999958,1373.8158735000761,space,0.4546882000286132,None,1373.8167954999954,1374.215384066749,1374.5213006000267,1374.5090955999913,1374.5097280000336,1374.5213006000267,1374.5213006000267,1374.5213006000267,1375.0501338000176,,1,[0.5283774000126868],[0.5283909999998286],aj_1,001,2025-11-13_23h00.12.150,intentional_binding,,2025.1.1,59.906856848985115,2025-11-13 23h00.19.340553 +0530,
0.4,1000,exp,314,2,26,space,2.275432899943553,None,500,1,[1.4334285999648273],[1.433434599894099],26,2,314,7,1375.0653001000173,,1375.0506327999756,1375.0653001000173,1376.0649841000559,1376.0649841000559,1376.0649841000559,1378.3487190000014,space,2.275432899943553,None,1378.3492629000684,1378.7480533667297,1379.0489081999986,1379.041230999981,1379.0416291999863,1379.0489081999986,1379.0489081999986,1379.0489081999986,1380.4825971000828,500,1,[1.4334285999648273],[1.433434599894099],aj_1,001,2025-11-13_23h00.12.150,intentional_binding,,2025.1.1,59.906856848985115,2025-11-13 23h00.19.340553 +0530,
0.1,1000,exp,315,3,26,space,0.48332270001992583,None,400,1,[1.3727237000130117],[1.3727297000586987],26,3,315,9,1380.4983513000188,,1380.4828069000505,1380.4983513000188,1381.4980656000553,1381.4980656000553,1381.4980656000553,1381.9819759000093,space,0.48332270001992583,None,1381.9826300999848,1382.0816273666608,1382.3934088000096,1382.3817489000503,1382.3824826000491,1382.3934088000096,1382.3934088000096,1382.3934088000096,1383.7664102000417,400,1,[1.3727237000130117],[1.3727297000586987],aj_1,001,2025-11-13_23h00.12.150,intentional_binding,,2025.1.1,59.906856848985115,2025-11-13 23h00.19.340553 +0530,
0.7,1000,exp,316,4,26,space,0.25612190004903823,None,300,1,[1.5443262999178842],[1.544337400002405],26,4,316,8,1383.7817021000665,,1383.7666089000413,1383.7817021000665,1384.781594100059,1384.781594100059,1384.781594100059,1385.0493597000604,space,0.25612190004903823,None,1385.050436999998,1385.7649617667232,1386.0717772999778,1386.0601652000332,1386.0607229999732,1386.0717772999778,1386.0717772999778,1386.0717772999778,1387.6165114999749,300,1,[1.5443262999178842],[1.544337400002405],aj_1,001,2025-11-13_23h00.12.150,intentional_binding,,2025.1.1,59.906856848985115,2025-11-13 23h00.19.340553 +0530,
0.1,1000,exp,317,5,26,space,0.2666405999334529,None,200,1,[0.9920927999773994],[0.9921036999439821],26,5,317,6,1387.632013100083,,1387.6171927000396,1387.632013100083,1388.6316136000678,1388.6316136000678,1388.6316136000678,1388.8987926000264,space,0.2666405999334529,None,1388.8994655000279,1388.9982600666738,1389.307068800088,1389.2943714000285,1389.2949335000012,1389.307068800088,1389.307068800088,1389.307068800088,1390.2995348999975,200,1,[0.9920927999773994],[0.9921036999439821],aj_1,001,2025-11-13_23h00.12.150,intentional_binding,,2025.1.1,59.906856848985115,2025-11-13 23h00.19.340553 +0530,
0.7,1000,exp,318,6,26,space,0.2609565999591723,None,300,1,[1.2082191000226885],[1.208230199990794],26,6,318,5,1390.3148723000195,,1390.2998367000837,1390.3148723000195,1391.2986251000548,1391.2986251000548,1391.3150236000074,1391.5657083999831,space,0.2609565999591723,None,1391.5668046000646,1392.2652839667319,1392.5742424000055,1392.5601340000285,1392.5609671000857,1392.5742424000055,1392.5742424000055,1392.5742424000055,1393.7828411000082,300,1,[1.2082191000226885],[1.208230199990794],aj_1,001,2025-11-13_23h00.12.150,intentional_binding,,2025.1.1,59.906856848985115,2025-11-13 23h00.19.340553 +0530,
0.1,400,unexp,319,7,26,space,0.26569749996997416,None,0,1,[1.4511988000012934],[1.45120789995417],26,7,319,0,1393.7984429000644,,1393.783156700083,1393.7984429000644,1394.7983696000883,1394.7983696000883,1394.7983696000883,1395.0661777000641,space,0.26569749996997416,None,1395.0672984999837,1395.1815549666683,1395.497780899983,1395.4815430999734,1395.4821437000064,1395.497780899983,1395.497780899983,1395.497780899983,1396.9493411000585,0,1,[1.4511988000012934],[1.45120789995417],aj_1,001,2025-11-13_23h00.12.150,intentional_binding,,2025.1.1,59.906856848985115,2025-11-13 23h00.19.340553 +0530,
0.4,1000,exp,320,8,26,space,0.2425669999793172,None,100,1,[0.9882379999617115],[0.9882455000188202],26,8,320,4,1396.9647859000834,,1396.9495924999937,1396.9647859000834,1397.9650556000415,1397.9650556000415,1397.9650556000415,1398.2159990000073,space,0.2425669999793172,None,1398.2172020000871,1398.6152857667223,1398.9279365000548,1398.9120292000007,1398.912628900027,1398.9279365000548,1398.9279365000548,1398.9279365000548,1399.916702000075,100,1,[0.9882379999617115],[0.9882455000188202],aj_1,001,2025-11-13_23h00.12.150,intentional_binding,,2025.1.1,59.906856848985115,2025-11-13 23h00.19.340553 +0530,
0.7,1000,exp,321,9,26,space,0.23845730000175536,None,400,1,[1.8553919000551105],[1.8554009000072256],26,9,321,11,1399.9315199999837,,1399.9171578000532,1399.9315199999837,1400.9314300999977,1400.9314300999977,1400.9314300999977,1401.181774900062,space,0.23845730000175536,None,1401.1822711999994,1401.8818588667239,1402.1935304000508,1402.180214000051,1402.1808340999996,1402.1935304000508,1402.1935304000508,1402.1935304000508,1404.0492173000239,400,1,[1.8553919000551105],[1.8554009000072256],aj_1,001,2025-11-13_23h00.12.150,intentional_binding,,2025.1.1,59.906856848985115,2025-11-13 23h00.19.340553 +0530,
0.1,1000,exp,322,10,26,space,0.25029329990502447,None,400,1,[1.3295131999766454],[1.3295192000223324],26,10,322,3,1404.0648915000493,,1404.049516200088,1404.0648915000493,1405.0650304000592,1405.0650304000592,1405.0650304000592,1405.3320246000076,space,0.25029329990502447,None,1405.332860500086,1405.4315441667025,1405.7520974000217,1405.7351923000533,1405.7357572000474,1405.7520974000217,1405.7520974000217,1405.7520974000217,1407.0818819000851,400,1,[1.3295131999766454],[1.3295192000223324],aj_1,001,2025-11-13_23h00.12.150,intentional_binding,,2025.1.1,59.906856848985115,2025-11-13 23h00.19.340553 +0530,
0.4,400,unexp,323,11,26,space,0.09245090000331402,None,0,1,[1.622136100078933],[1.6221456000348553],26,11,323,1,1407.097729900037,,1407.0820536999963,1407.097729900037,1408.0816381999757,1408.0816381999757,1408.098394199973,1408.1818969000597,space,0.09245090000331402,None,1408.1825607999926,1408.5816609666838,1408.8935858000768,1408.8822174000088,1408.8827476999722,1408.8935858000768,1408.8935858000768,1408.8935858000768,1410.5160186000867,0,1,[1.622136100078933],[1.6221456000348553],aj_1,001,2025-11-13_23h00.12.150,intentional_binding,,2025.1.1,59.906856848985115,2025-11-13 23h00.19.340553 +0530,
0.1,400,unexp,324,0,27,space,0.24364799994509667,None,0,1,[1.3175510000437498],[1.3175608000019565],27,0,324,0,1410.5312924999744,,1410.516279399977,1410.5312924999744,1411.531622300041,1411.531622300041,1411.531622300041,1411.7823203000007,space,0.24364799994509667,None,1411.7834509999957,1411.8978653667184,1412.1979122000048,1412.1879442000063,1412.1882945999969,1412.1979122000048,1412.1979122000048,1412.1979122000048,1413.5157563000685,0,1,[1.3175510000437498],[1.3175608000019565],aj_1,001,2025-11-13_23h00.12.150,intentional_binding,,2025.1.1,59.906856848985115,2025-11-13 23h00.19.340553 +0530,
0.7,1000,exp,325,1,27,space,0.23355160001665354,None,100,1,[1.1386020999634638],[1.1386123000411317],27,1,325,11,1413.5309850000776,,1413.5160206999863,1413.5309850000776,1414.514956100029,1414.514956100029,1414.5313524000812,1414.749596000067,space,0.23355160001665354,None,1414.7506942000473,1415.464962866685,1415.7773519000039,1415.7627189999912,1415.7636459000641,1415.7773519000039,1415.7773519000039,1415.7773519000039,1416.9164171000011,100,1,[1.1386020999634638],[1.1386123000411317],aj_1,001,2025-11-13_23h00.12.150,intentional_binding,,2025.1.1,59.906856848985115,2025-11-13 23h00.19.340553 +0530,
0.7,400,unexp,326,2,27,space,0.376274700043723,None,700,1,[1.157175299944356],[1.1571807999862358],27,2,326,2,1416.931503299973,,1416.9168564000865,1416.931503299973,1417.9316660000477,1417.9316660000477,1417.9316660000477,1418.3153370000655,space,0.376274700043723,None,1418.3162981000496,1419.0149607667156,1419.324681899976,1419.3095955000026,1419.3101975000463,1419.324681899976,1419.324681899976,1419.324681899976,1420.4820998000214,700,1,[1.157175299944356],[1.1571807999862358],aj_1,001,2025-11-13_23h00.12.150,intentional_binding,,2025.1.1,59.906856848985115,2025-11-13 23h00.19.340553 +0530,
0.1,1000,exp,327,3,27,space,0.25320190005004406,None,100,1,[1.3249202000442892],[1.324928699992597],27,3,327,9,1420.498510500067,,1420.4822940999875,1420.498510500067,1421.481532900012,1421.481532900012,1421.497930200072,1421.7488414000254,space,0.25320190005004406,None,1421.7497459000442,1421.8481118666862,1422.1571323000826,1422.1423398000188,1422.142987600062,1422.1571323000826,1422.1571323000826,1422.1571323000826,1423.4823515000753,100,1,[1.3249202000442892],[1.324928699992597],aj_1,001,2025-11-13_23h00.12.150,intentional_binding,,2025.1.1,59.906856848985115,2025-11-13 23h00.19.340553 +0530,
0.4,1000,exp,328,4,27,space,0.23986430000513792,None,100,1,[1.0346206000540406],[1.0346302000107244],27,4,328,10,1423.4979459000751,,1423.4826589000877,1423.4979459000751,1424.4815209000371,1424.4815209000371,1424.4983257000567,1424.732117000036,space,0.23986430000513792,None,1424.732977500069,1425.1314794667453,1425.447232000064,1425.433657100075,1425.4342632000335,1425.447232000064,1425.447232000064,1425.447232000064,1426.4821391000878,100,1,[1.0346206000540406],[1.0346302000107244],aj_1,001,2025-11-13_23h00.12.150,intentional_binding,,2025.1.1,59.906856848985115,2025-11-13 23h00.19.340553 +0530,
0.4,1000,exp,329,5,27,space,0.2427958999760449,None,100,1,[2.1584134000586346],[2.1584261000389233],27,5,329,7,1426.4985041000182,,1426.4823966000695,1426.4985041000182,1427.48145750002,1427.48145750002,1427.4982772000367,1427.732265300001,space,0.2427958999760449,None,1427.733395599993,1428.1477603667338,1428.4582110000774,1428.4461152000586,1428.4466987000778,1428.4582110000774,1428.4582110000774,1428.4582110000774,1430.617011400056,100,1,[2.1584134000586346],[2.1584261000389233],aj_1,001,2025-11-13_23h00.12.150,intentional_binding,,2025.1.1,59.906856848985115,2025-11-13 23h00.19.340553 +0530,
0.1,1000,exp,330,6,27,space,0.2846798999235034,None,100,1,[1.3169273999519646],[1.3169326999923214],27,6,330,3,1430.631375900004,,1430.6175698000006,1430.631375900004,1431.6312333000824,1431.6312333000824,1431.6312333000824,1431.9316166000208,space,0.2846798999235034,None,1431.9321651000064,1432.0315927667,1432.3480045000324,1432.3299398000818,1432.3306262000697,1432.3480045000324,1432.3480045000324,1432.3480045000324,1433.6651919999858,100,1,[1.3169273999519646],[1.3169326999923214],aj_1,001,2025-11-13_23h00.12.150,intentional_binding,,2025.1.1,59.906856848985115,2025-11-13 23h00.19.340553 +0530,
0.1,1000,exp,331,7,27,space,0.2508098999969661,None,0,1,[1.075907799997367],[1.0759343999670818],27,7,331,6,1433.6810569000663,,1433.6654128000373,1433.6810569000663,1434.6649576000636,1434.6649576000636,1434.6811839999864,1434.9321280000731,space,0.2508098999969661,None,1434.9333545999834,1435.0313795667064,1435.3405574000208,1435.3318190000718,1435.3322077000048,1435.3405574000208,1435.3405574000208,1435.3405574000208,1436.417051800061,0,1,[1.075907799997367],[1.0759343999670818],aj_1,001,2025-11-13_23h00.12.150,intentional_binding,,2025.1.1,59.906856848985115,2025-11-13 23h00.19.340553 +0530,
0.4,400,unexp,332,8,27,space,0.23971130000427365,None,300,1,[1.3882605000399053],[1.3882670999737456],27,8,332,1,1436.4314506000374,,1436.4176257000072,1436.4314506000374,1437.4311055000871,1437.4311055000871,1437.4311055000871,1437.6820440000156,space,0.23971130000427365,None,1437.6830887000542,1438.0814243667448,1438.3937291000038,1438.3806424000068,1438.3810520999832,1438.3937291000038,1438.3937291000038,1438.3937291000038,1439.782270200085,300,1,[1.3882605000399053],[1.3882670999737456],aj_1,001,2025-11-13_23h00.12.150,intentional_binding,,2025.1.1,59.906856848985115,2025-11-13 23h00.19.340553 +0530,
0.7,1000,exp,333,9,27,space,0.25029869994614273,None,900,1,[1.8832960999570787],[1.8833049999084324],27,9,333,5,1439.7980177000863,,1439.7824816000648,1439.7980177000863,1440.7811595000094,1440.7811595000094,1440.7981478000293,1441.0322646000423,space,0.25029869994614273,None,1441.0333632000256,1441.7482629666958,1442.048787800013,1442.0409046000568,1442.0412321999902,1442.048787800013,1442.048787800013,1442.048787800013,1443.932370500057,900,1,[1.8832960999570787],[1.8833049999084324],aj_1,001,2025-11-13_23h00.12.150,intentional_binding,,2025.1.1,59.906856848985115,2025-11-13 23h00.19.340553 +0530,
0.4,1000,exp,334,10,27,space,0.3117314000846818,None,300,1,[2.4977456999477],[2.497752399998717],27,10,334,4,1443.9480993000325,,1443.9328403000254,1443.9480993000325,1444.9481134000234,1444.9481134000234,1444.9481134000234,1445.2654256999958,space,0.3117314000846818,None,1445.2665101999883,1445.664796866655,1445.9676142000826,1445.9606727000792,1445.9609937000787,1445.9676142000826,1445.9676142000826,1445.9676142000826,1448.4656557000708,300,1,[2.4977456999477],[2.497752399998717],aj_1,001,2025-11-13_23h00.12.150,intentional_binding,,2025.1.1,59.906856848985115,2025-11-13 23h00.19.340553 +0530,
0.7,1000,exp,335,11,27,space,0.20000499999150634,None,300,1,[1.3013989999890327],[1.3014077000552788],27,11,335,8,1448.4809820000082,,1448.4658771000104,1448.4809820000082,1449.481273500016,1449.481273500016,1449.481273500016,1449.682062900043,space,0.20000499999150634,None,1449.6831747000106,1450.381156666732,1450.697250599973,1450.6840008000145,1450.6845615999773,1450.697250599973,1450.697250599973,1450.697250599973,1451.9989263999742,300,1,[1.3013989999890327],[1.3014077000552788],aj_1,001,2025-11-13_23h00.12.150,intentional_binding,,2025.1.1,59.906856848985115,2025-11-13 23h00.19.340553 +0530,
0.4,1000,exp,336,0,28,space,0.35449429997242987,None,500,1,[1.4391833000117913],[1.4391915000742301],28,0,336,7,1452.0145133000333,,1451.9991630000295,1452.0145133000333,1452.9985008999938,1452.9985008999938,1453.014667600044,1453.365458299988,space,0.35449429997242987,None,1453.3665216000518,1453.764745466706,1454.0756218000315,1454.0609471000498,1454.0616642000386,1454.0756218000315,1454.0756218000315,1454.0756218000315,1455.515055200085,500,1,[1.4391833000117913],[1.4391915000742301],aj_1,001,2025-11-13_23h00.12.150,intentional_binding,,2025.1.1,59.906856848985115,2025-11-13 23h00.19.340553 +0530,
0.7,1000,exp,337,1,28,space,0.23737470002379268,None,999,1,[0.977453300030902],[0.9774626999860629],28,1,337,8,1455.5309443000006,,1455.5153904000763,1455.5309443000006,1456.5147130000405,1456.5147130000405,1456.531034499989,1456.76559309999,space,0.23737470002379268,None,1456.7665910000214,1457.481076966684,1457.787762699998,1457.7779727000743,1457.778415900073,1457.787762699998,1457.787762699998,1457.787762699998,1458.765510700061,999,1,[0.977453300030902],[0.9774626999860629],aj_1,001,2025-11-13_23h00.12.150,intentional_binding,,2025.1.1,59.906856848985115,2025-11-13 23h00.19.340553 +0530,
0.1,1000,exp,338,2,28,space,0.2370122999418527,None,999,1,[1.4929968999931589],[1.4930101000936702],28,2,338,6,1458.7810525000095,,1458.765732400003,1458.7810525000095,1459.7648837000597,1459.7648837000597,1459.7811963000568,1460.0153299000813,space,0.2370122999418527,None,1460.0164240000304,1460.114618466647,1460.4225614999887,1460.4102364000864,1460.411114300019,1460.4225614999887,1460.4225614999887,1460.4225614999887,1461.9159718999872,999,1,[1.4929968999931589],[1.4930101000936702],aj_1,001,2025-11-13_23h00.12.150,intentional_binding,,2025.1.1,59.906856848985115,2025-11-13 23h00.19.340553 +0530,
0.1,1000,exp,339,3,28,space,0.22685410000849515,None,100,1,[1.1756533000152558],[1.1756643999833614],28,3,339,9,1461.9313827999867,,1461.9164113000734,1461.9313827999867,1462.9311515000882,1462.9311515000882,1462.9311515000882,1463.1650029000593,space,0.22685410000849515,None,1463.1655703000724,1463.264729266699,1463.5732729000738,1463.5581351000583,1463.5587506000884,1463.5732729000738,1463.5732729000738,1463.5732729000738,1464.749262599973,100,1,[1.1756533000152558],[1.1756643999833614],aj_1,001,2025-11-13_23h00.12.150,intentional_binding,,2025.1.1,59.906856848985115,2025-11-13 23h00.19.340553 +0530,
0.4,400,unexp,340,4,28,space,0.18082110001705587,None,0,1,[1.8908215999836102],[1.8908379999920726],28,4,340,1,1464.7645001000492,,1464.7495686999755,1464.7645001000492,1465.7641597000184,1465.7641597000184,1465.7641597000184,1465.9485610000556,space,0.18082110001705587,None,1465.9494863,1466.347711966668,1466.6583171000239,1466.641732600052,1466.6423357999884,1466.6583171000239,1466.6583171000239,1466.6583171000239,1468.5496739000082,0,1,[1.8908215999836102],[1.8908379999920726],aj_1,001,2025-11-13_23h00.12.150,intentional_binding,,2025.1.1,59.906856848985115,2025-11-13 23h00.19.340553 +0530,
0.4,1000,exp,341,5,28,space,0.17968449997715652,None,100,1,[0.9379406999796629],[0.9379551999736577],28,5,341,10,1468.564683899982,,1468.550203000079,1468.564683899982,1469.56466490007,1469.56466490007,1469.56466490007,1469.749854600057,space,0.17968449997715652,None,1469.7510977999773,1470.1644770666646,1470.4773064000765,1470.4624793999828,1470.4630828000372,1470.4773064000765,1470.4773064000765,1470.4773064000765,1471.4158026999794,100,1,[0.9379406999796629],[0.9379551999736577],aj_1,001,2025-11-13_23h00.12.150,intentional_binding,,2025.1.1,59.906856848985115,2025-11-13 23h00.19.340553 +0530,
0.4,1000,exp,342,6,28,space,0.23370490001980215,None,100,1,[1.1775544000556692],[1.177565300022252],28,6,342,4,1471.430946300039,,1471.4161589000141,1471.430946300039,1472.4310200000182,1472.4310200000182,1472.4310200000182,1472.6656572000356,space,0.23370490001980215,None,1472.6666937000118,1473.0809514667528,1473.3875811999897,1473.3810506000882,1473.3813339000335,1473.3875811999897,1473.3875811999897,1473.3875811999897,1474.565508699976,100,1,[1.1775544000556692],[1.177565300022252],aj_1,001,2025-11-13_23h00.12.150,intentional_binding,,2025.1.1,59.906856848985115,2025-11-13 23h00.19.340553 +0530,
0.1,1000,exp,343,7,28,space,0.18400620005559176,None,400,1,[0.9699316000333056],[0.9699379000812769],28,7,343,3,1474.5812531000702,,1474.5658212000271,1474.5812531000702,1475.580735799973,1475.580735799973,1475.580735799973,1475.7817366999807,space,0.18400620005559176,None,1475.7826070000883,1475.8810366667497,1476.1946878000163,1476.182931200019,1476.183782899985,1476.1946878000163,1476.1946878000163,1476.1946878000163,1477.1648157000309,400,1,[0.9699316000333056],[0.9699379000812769],aj_1,001,2025-11-13_23h00.12.150,intentional_binding,,2025.1.1,59.906856848985115,2025-11-13 23h00.19.340553 +0530,
0.7,1000,exp,344,8,28,space,0.22985749994404614,None,900,1,[1.3713690999429673],[1.371394099900499],28,8,344,11,1477.180826200056,,1477.1650162000442,1477.180826200056,1478.164683500072,1478.164683500072,1478.1808809000067,1478.3985105999745,space,0.22985749994404614,None,1478.3995141000487,1479.114366566708,1479.4269032999873,1479.4128947000718,1479.4134917000774,1479.4269032999873,1479.4269032999873,1479.4269032999873,1480.7986201000167,900,1,[1.3713690999429673],[1.371394099900499],aj_1,001,2025-11-13_23h00.12.150,intentional_binding,,2025.1.1,59.906856848985115,2025-11-13 23h00.19.340553 +0530,
0.7,1000,exp,345,9,28,space,0.2980661999899894,None,999,1,[0.9251671000383794],[0.9251786000095308],28,9,345,5,1480.814409499988,,1480.7988819000311,1480.814409499988,1481.7979368000524,1481.7979368000524,1481.814498700085,1482.0988713999977,space,0.2980661999899894,None,1482.0999693999765,1482.814362766749,1483.1237488000188,1483.1106448000064,1483.1113212000346,1483.1237488000188,1483.1237488000188,1483.1237488000188,1484.0493480000878,999,1,[0.9251671000383794],[0.9251786000095308],aj_1,001,2025-11-13_23h00.12.150,intentional_binding,,2025.1.1,59.906856848985115,2025-11-13 23h00.19.340553 +0530,
0.7,400,unexp,346,10,28,space,0.24349770008120686,None,0,1,[1.0423156999750063],[1.042324399924837],28,10,346,2,1484.0645801000064,,1484.0497002999764,1484.0645801000064,1485.0647216000361,1485.0647216000361,1485.0647216000361,1485.315038300003,space,0.24349770008120686,None,1485.3157543999841,1486.0142384666872,1486.3233324000612,1486.3112174000125,1486.3118300000206,1486.3233324000612,1486.3233324000612,1486.3233324000612,1487.3659441000782,0,1,[1.0423156999750063],[1.042324399924837],aj_1,001,2025-11-13_23h00.12.150,intentional_binding,,2025.1.1,59.906856848985115,2025-11-13 23h00.19.340553 +0530,
0.1,400,unexp,347,11,28,space,0.7763412999920547,None,0,1,[1.0756746000843123],[1.075683500035666],28,11,347,0,1487.3807960000122,,1487.3662167000584,1487.3807960000122,1488.380862900056,1488.380862900056,1488.380862900056,1489.1653164000018,space,0.7763412999920547,None,1489.1664023000048,1489.2810781667397,1489.5892679999815,1489.5807780000614,1489.5812548000831,1489.5892679999815,1489.5892679999815,1489.5892679999815,1490.6652228999883,0,1,[1.0756746000843123],[1.075683500035666],aj_1,001,2025-11-13_23h00.12.150,intentional_binding,,2025.1.1,59.906856848985115,2025-11-13 23h00.19.340553 +0530,
0.7,1000,exp,348,0,29,space,0.24197859992273152,None,500,1,[1.195989300031215],[1.196000299998559],29,0,348,11,1490.6809090999886,,1490.6654906000476,1490.6809090999886,1491.6644261999754,1491.6644261999754,1491.6809601000277,1491.9151725000702,space,0.24197859992273152,None,1491.9165902000386,1492.6142714666823,1492.9196061000694,1492.9087415999966,1492.9091234999942,1492.9196061000694,1492.9196061000694,1492.9196061000694,1494.1159309999784,500,1,[1.195989300031215],[1.196000299998559],aj_1,001,2025-11-13_23h00.12.150,intentional_binding,,2025.1.1,59.906856848985115,2025-11-13 23h00.19.340553 +0530,
0.7,1000,exp,349,1,29,space,0.3533678000094369,None,300,1,[2.359809899935499],[2.359815299976617],29,1,349,8,1494.1310437000357,,1494.1162486000685,1494.1310437000357,1495.1307560000569,1495.1307560000569,1495.1307560000569,1495.4984063999727,space,0.3533678000094369,None,1495.499156899983,1496.2142605666925,1496.521855900064,1496.511706200079,1496.5123236000072,1496.521855900064,1496.521855900064,1496.521855900064,1498.8818660000106,300,1,[2.359809899935499],[2.359815299976617],aj_1,001,2025-11-13_23h00.12.150,intentional_binding,,2025.1.1,59.906856848985115,2025-11-13 23h00.19.340553 +0530,
0.4,1000,exp,350,2,29,space,0.28014099993743,None,400,1,[1.0811456999508664],[1.0811562999151647],29,2,350,4,1498.8973370000022,,1498.8820419000695,1498.8973370000022,1499.8975959999952,1499.8975959999952,1499.8975959999952,1500.1813288000412,space,0.28014099993743,None,1500.1823591000866,1500.581046966665,1500.9007231000578,1500.884568999987,1500.8852849000832,1500.9007231000578,1500.9007231000578,1500.9007231000578,1501.9822423000587,400,1,[1.0811456999508664],[1.0811562999151647],aj_1,001,2025-11-13_23h00.12.150,intentional_binding,,2025.1.1,59.906856848985115,2025-11-13 23h00.19.340553 +0530,
0.1,1000,exp,351,3,29,space,0.22775219997856766,None,500,1,[1.3998592999996617],[1.3999757999554276],29,3,351,3,1501.9977408000268,,1501.9826417000731,1501.9977408000268,1502.9976895999862,1502.9976895999862,1502.9976895999862,1503.2315824000398,space,0.22775219997856766,None,1503.232274100068,1503.3308806666794,1503.6319054000778,1503.6198157999897,1503.6205358000007,1503.6319054000778,1503.6319054000778,1503.6319054000778,1505.0322470000247,500,1,[1.3998592999996617],[1.3999757999554276],aj_1,001,2025-11-13_23h00.12.150,intentional_binding,,2025.1.1,59.906856848985115,2025-11-13 23h00.19.340553 +0530,
0.4,1000,exp,352,4,29,space,0.2019547000527382,None,500,1,[1.7229950999608263],[1.7230042000301182],29,4,352,10,1505.0475875000702,,1505.0324965000618,1505.0475875000702,1506.0478205999825,1506.0478205999825,1506.0478205999825,1506.265349399997,space,0.2019547000527382,None,1506.2664465000853,1506.6810011666423,1506.9925625000615,1506.9803944000741,1506.9809878000524,1506.9925625000615,1506.9925625000615,1506.9925625000615,1508.715884000063,500,1,[1.7229950999608263],[1.7230042000301182],aj_1,001,2025-11-13_23h00.12.150,intentional_binding,,2025.1.1,59.906856848985115,2025-11-13 23h00.19.340553 +0530,
0.1,1000,exp,353,5,29,space,0.4927231000037864,None,600,1,[1.9755895000416785],[1.975598799996078],29,5,353,9,1508.7311664000154,,1508.7161410000408,1508.7311664000154,1509.7308593000052,1509.7308593000052,1509.7308593000052,1510.231589299976,space,0.4927231000037864,None,1510.2326745999744,1510.3308499666784,1510.6395082999952,1510.6326313000172,1510.632900500088,1510.6395082999952,1510.6395082999952,1510.6395082999952,1512.6154001000104,600,1,[1.9755895000416785],[1.975598799996078],aj_1,001,2025-11-13_23h00.12.150,intentional_binding,,2025.1.1,59.906856848985115,2025-11-13 23h00.19.340553 +0530,
0.4,400,unexp,354,6,29,space,0.3224178000818938,None,0,1,[0.8426886000670493],[0.8427014000480995],29,6,354,1,1512.6306678000838,,1512.6156808000524,1512.6306678000838,1513.631140600075,1513.631140600075,1513.631140600075,1513.9650646999944,space,0.3224178000818938,None,1513.9661684000166,1514.3643412667482,1514.672168500023,1514.6612921999767,1514.662027399987,1514.672168500023,1514.672168500023,1514.672168500023,1515.5154317000415,0,1,[0.8426886000670493],[0.8427014000480995],aj_1,001,2025-11-13_23h00.12.150,intentional_binding,,2025.1.1,59.906856848985115,2025-11-13 23h00.19.340553 +0530,
0.7,400,unexp,355,7,29,space,0.37919750006403774,None,0,1,[1.6109100000467151],[1.6109199000056833],29,7,355,2,1515.5312557000434,,1515.5158062999835,1515.5312557000434,1516.5306260000216,1516.5306260000216,1516.5306260000216,1516.9149610999739,space,0.37919750006403774,None,1516.9161796000553,1517.6141233667188,1517.9209730000002,1517.909088500077,1517.9096455000108,1517.9209730000002,1517.9209730000002,1517.9209730000002,1519.53230229998,0,1,[1.6109100000467151],[1.6109199000056833],aj_1,001,2025-11-13_23h00.12.150,intentional_binding,,2025.1.1,59.906856848985115,2025-11-13 23h00.19.340553 +0530,
0.4,1000,exp,356,8,29,space,0.27603830001316965,None,200,1,[1.5159496000269428],[1.515956399962306],29,8,356,7,1519.5478244000115,,1519.5325874000555,1519.5478244000115,1520.547315599979,1520.547315599979,1520.547315599979,1520.831479000044,space,0.27603830001316965,None,1520.832232600078,1521.230696466697,1521.5486041000113,1521.5338205000153,1521.534356500022,1521.5486041000113,1521.5486041000113,1521.5486041000113,1523.0648092000047,200,1,[1.5159496000269428],[1.515956399962306],aj_1,001,2025-11-13_23h00.12.150,intentional_binding,,2025.1.1,59.906856848985115,2025-11-13 23h00.19.340553 +0530,
0.1,1000,exp,357,9,29,space,0.30683280003722757,None,300,1,[1.535072200000286],[1.5350786000490189],29,9,357,6,1523.080505900085,,1523.0649805000285,1523.080505900085,1524.0642106999876,1524.0642106999876,1524.0808297999902,1524.3815022000344,space,0.30683280003722757,None,1524.3826376000652,1524.480862666682,1524.797195399995,1524.7814074000344,1524.7822431999957,1524.797195399995,1524.797195399995,1524.797195399995,1526.3325233000796,300,1,[1.535072200000286],[1.5350786000490189],aj_1,001,2025-11-13_23h00.12.150,intentional_binding,,2025.1.1,59.906856848985115,2025-11-13 23h00.19.340553 +0530,
0.1,400,unexp,358,10,29,space,0.3037627999437973,None,0,1,[1.6989892999408767],[1.6989971000002697],29,10,358,0,1526.3474787999876,,1526.332714100019,1526.3474787999876,1527.3477915000403,1527.3477915000403,1527.3477915000403,1527.6656337999739,space,0.3037627999437973,None,1527.6666990000522,1527.7809236667274,1528.0994271000382,1528.0835599000566,1528.0841999000404,1528.0994271000382,1528.0994271000382,1528.0994271000382,1529.7987902000314,0,1,[1.6989892999408767],[1.6989971000002697],aj_1,001,2025-11-13_23h00.12.150,intentional_binding,,2025.1.1,59.906856848985115,2025-11-13 23h00.19.340553 +0530,
0.7,1000,exp,359,11,29,space,0.31568540004082024,None,100,1,[1.9874509000219405],[1.9874585000798106],29,11,359,5,1529.8137573000276,,1529.7990081000607,1529.8137573000276,1530.814382200013,1530.814382200013,1530.814382200013,1531.1315962000517,space,0.31568540004082024,None,1531.1326786000282,1531.8306888667323,1532.1437064000638,1532.1317092999816,1532.132252600044,1532.1437064000638,1532.1437064000638,1532.1437064000638,1534.1314292000607,100,1,[1.9874509000219405],[1.9874585000798106],aj_1,001,2025-11-13_23h00.12.150,intentional_binding,,2025.1.1,59.906856848985115,2025-11-13 23h00.19.340553 +0530,
0.1,400,unexp,360,0,30,space,0.3180382000282407,None,0,1,[0.9094112999737263],[0.909419099916704],30,0,360,0,1534.147420900059,,1534.1316488999873,1534.147420900059,1535.1311682000523,1535.1311682000523,1535.1473554000258,1535.4648847000208,space,0.3180382000282407,None,1535.4656351000303,1535.5642493667003,1535.8716183999786,1535.860543100047,1535.8609220000217,1535.8716183999786,1535.8716183999786,1535.8716183999786,1536.7813465000363,0,1,[0.9094112999737263],[0.909419099916704],aj_1,001,2025-11-13_23h00.12.150,intentional_binding,,2025.1.1,59.906856848985115,2025-11-13 23h00.19.340553 +0530,
0.7,400,unexp,361,1,30,space,0.40763260005041957,None,0,1,[0.9803713000146672],[0.9803861000109464],30,1,361,2,1536.797379399999,,1536.781582100084,1536.797379399999,1537.7806347999722,1537.7806347999722,1537.797648900072,1538.1980448000832,space,0.40763260005041957,None,1538.198957900051,1538.897182766643,1539.2015452000778,1539.1905190000543,1539.1912623000098,1539.2015452000778,1539.2015452000778,1539.2015452000778,1540.1823723000707,0,1,[0.9803713000146672],[0.9803861000109464],aj_1,001,2025-11-13_23h00.12.150,intentional_binding,,2025.1.1,59.906856848985115,2025-11-13 23h00.19.340553 +0530,
0.4,1000,exp,362,2,30,space,0.28266449994407594,None,100,1,[1.2240641999524087],[1.2240724000148475],30,2,362,7,1540.1976467000786,,1540.1827948000282,1540.1976467000786,1541.1973954000277,1541.1973954000277,1541.1973954000277,1541.4813759999815,space,0.28266449994407594,None,1541.4825347000733,1541.880631866694,1542.190363700036,1542.1829078000737,1542.1833030000562,1542.190363700036,1542.190363700036,1542.190363700036,1543.4147239000304,100,1,[1.2240641999524087],[1.2240724000148475],aj_1,001,2025-11-13_23h00.12.150,intentional_binding,,2025.1.1,59.906856848985115,2025-11-13 23h00.19.340553 +0530,
0.1,1000,exp,363,3,30,space,0.25746420002542436,None,0,1,[0.8233911000424996],[0.8234029000159353],30,3,363,3,1543.4304216000019,,1543.4149817000143,1543.4304216000019,1544.4144326000242,1544.4144326000242,1544.4307241999777,1544.681135000079,space,0.25746420002542436,None,1544.6823628999991,1544.7807585667508,1545.0916523999767,1545.0808006000007,1545.0814486000454,1545.0916523999767,1545.0916523999767,1545.0916523999767,1545.9154439000413,0,1,[0.8233911000424996],[0.8234029000159353],aj_1,001,2025-11-13_23h00.12.150,intentional_binding,,2025.1.1,59.906856848985115,2025-11-13 23h00.19.340553 +0530,
0.7,1000,exp,364,4,30,space,0.2353669999865815,None,300,1,[1.7887781999306753],[1.7887843999778852],30,4,364,5,1545.9306382000213,,1545.915862700087,1545.9306382000213,1546.930897800019,1546.930897800019,1546.930897800019,1547.1811668000882,space,0.2353669999865815,None,1547.1822067999747,1547.880767866682,1548.1922874000156,1548.1779139999999,1548.1787338000722,1548.1922874000156,1548.1922874000156,1548.1922874000156,1549.9812979000853,300,1,[1.7887781999306753],[1.7887843999778852],aj_1,001,2025-11-13_23h00.12.150,intentional_binding,,2025.1.1,59.906856848985115,2025-11-13 23h00.19.340553 +0530,
0.1,1000,exp,365,5,30,space,0.2380551000824198,None,400,1,[1.3673496000701562],[1.3673594000283629],30,5,365,9,1549.9972460999852,,1549.9815144999884,1549.9972460999852,1550.980604600045,1550.980604600045,1550.9969314000336,1551.2311856000451,space,0.2380551000824198,None,1551.232159600011,1551.330734966734,1551.6472963000415,1551.6306981000816,1551.6313073000638,1551.6472963000415,1551.6472963000415,1551.6472963000415,1553.0149617000716,400,1,[1.3673496000701562],[1.3673594000283629],aj_1,001,2025-11-13_23h00.12.150,intentional_binding,,2025.1.1,59.906856848985115,2025-11-13 23h00.19.340553 +0530,
0.4,400,unexp,366,6,30,space,0.22055440000258386,None,0,1,[1.5690410999814048],[1.5690477000316605],30,6,366,1,1553.0306323000696,,1553.0152289000107,1553.0306323000696,1554.0306394000072,1554.0306394000072,1554.0306394000072,1554.264643099974,space,0.22055440000258386,None,1554.2654940000502,1554.6641187667303,1554.9795852000825,1554.9656940000132,1554.966264900053,1554.9795852000825,1554.9795852000825,1554.9795852000825,1556.5489108000183,0,1,[1.5690410999814048],[1.5690477000316605],aj_1,001,2025-11-13_23h00.12.150,intentional_binding,,2025.1.1,59.906856848985115,2025-11-13 23h00.19.340553 +0530,
0.7,1000,exp,367,7,30,space,0.7910085000330582,None,500,1,[0.971541800070554],[0.9715576000744477],30,7,367,11,1556.5640437999973,,1556.549086800078,1556.5640437999973,1557.563939500018,1557.563939500018,1557.563939500018,1558.3641625000164,space,0.7910085000330582,None,1558.3646677000215,1559.064063766684,1559.3777100000298,1559.3635929999873,1559.3644609000767,1559.3777100000298,1559.3777100000298,1559.3777100000298,1560.3497151000192,500,1,[0.971541800070554],[0.9715576000744477],aj_1,001,2025-11-13_23h00.12.150,intentional_binding,,2025.1.1,59.906856848985115,2025-11-13 23h00.19.340553 +0530,
0.4,1000,exp,368,8,30,space,0.5439097000053152,None,600,1,[1.1751286999788135],[1.1751376000465825],30,8,368,10,1560.364338900079,,1560.3500687000342,1560.364338900079,1561.3642294000601,1561.3642294000601,1561.3642294000601,1561.9148396999808,space,0.5439097000053152,None,1561.9158828000072,1562.3140681667176,1562.622680600034,1562.6107274000533,1562.6113724000752,1562.622680600034,1562.622680600034,1562.622680600034,1563.7980803999817,600,1,[1.1751286999788135],[1.1751376000465825],aj_1,001,2025-11-13_23h00.12.150,intentional_binding,,2025.1.1,59.906856848985115,2025-11-13 23h00.19.340553 +0530,
0.7,1000,exp,369,9,30,space,0.30301509995479137,None,500,1,[1.1400042000459507],[1.140015000011772],30,9,369,8,1563.8138159000082,,1563.7983447000152,1563.8138159000082,1564.797473500017,1564.797473500017,1564.8138306000037,1565.1141245000763,space,0.30301509995479137,None,1565.1146161999786,1565.8139577666918,1566.1248433000874,1566.1118045999901,1566.1124156999867,1566.1248433000874,1566.1248433000874,1566.1248433000874,1567.2652212000685,500,1,[1.1400042000459507],[1.140015000011772],aj_1,001,2025-11-13_23h00.12.150,intentional_binding,,2025.1.1,59.906856848985115,2025-11-13 23h00.19.340553 +0530,
0.1,1000,exp,370,10,30,space,0.29613170004449785,None,300,1,[1.2677700000349432],[1.2677781999809667],30,10,370,6,1567.2804929000558,,1567.2655466999859,1567.2804929000558,1568.2805738999741,1568.2805738999741,1568.2805738999741,1568.5811465000734,space,0.29613170004449785,None,1568.582141000079,1568.6804688666637,1568.9807549000252,1568.9680454999907,1568.9685849000234,1568.9807549000252,1568.9807549000252,1568.9807549000252,1570.248813000042,300,1,[1.2677700000349432],[1.2677781999809667],aj_1,001,2025-11-13_23h00.12.150,intentional_binding,,2025.1.1,59.906856848985115,2025-11-13 23h00.19.340553 +0530,
0.4,1000,exp,371,11,30,space,0.25505170004907995,None,999,1,[1.2739982000784948],[1.274010100052692],30,11,371,4,1570.2635406000772,,1570.249136700062,1570.2635406000772,1571.2640054000076,1571.2640054000076,1571.2640054000076,1571.5308494999772,space,0.25505170004907995,None,1571.5319241000107,1571.9306993666726,1572.2403716000263,1572.2278901999816,1572.2285859000403,1572.2403716000263,1572.2403716000263,1572.2403716000263,1573.5148131999886,999,1,[1.2739982000784948],[1.274010100052692],aj_1,001,2025-11-13_23h00.12.150,intentional_binding,,2025.1.1,59.906856848985115,2025-11-13 23h00.19.340553 +0530,
0.4,1000,exp,372,0,31,space,0.35284840001259,None,800 ,1,[2.775848399964161],[2.775867799995467],31,0,372,4,1573.5303840000415,,1573.5151566000422,1573.5303840000415,1574.5140270000556,1574.5140270000556,1574.5304438000312,1574.8811904999893,space,0.35284840001259,None,1574.8822396000614,1575.2805690667049,1575.5894089000067,1575.5783636000706,1575.5790045000613,1575.5894089000067,1575.5894089000067,1575.5894089000067,1578.3658149000257,800 ,1,[2.775848399964161],[2.775867799995467],aj_1,001,2025-11-13_23h00.12.150,intentional_binding,,2025.1.1,59.906856848985115,2025-11-13 23h00.19.340553 +0530,
0.4,1000,exp,373,1,31,space,0.3723482999484986,None,600,1,[2.161504799965769],[2.1615147000411525],31,1,373,10,1578.3803247000324,,1578.3663565000752,1578.3803247000324,1579.3807009999873,1579.3807009999873,1579.3807009999873,1579.7651509999996,space,0.3723482999484986,None,1579.7664290000685,1580.1802268666836,1580.4864696000004,1580.4784569999902,1580.4791896999814,1580.4864696000004,1580.4864696000004,1580.4864696000004,1582.6483193000313,600,1,[2.161504799965769],[2.1615147000411525],aj_1,001,2025-11-13_23h00.12.150,intentional_binding,,2025.1.1,59.906856848985115,2025-11-13 23h00.19.340553 +0530,
0.7,1000,exp,374,2,31,space,0.24671420000959188,None,99,1,[0.8930500999558717],[0.8930553999962285],31,2,374,8,1582.6637433000142,,1582.6485854000784,1582.6637433000142,1583.663894600002,1583.663894600002,1583.663894600002,1583.9142774000065,space,0.24671420000959188,None,1583.914930399973,1584.6138771667067,1584.9211988999741,1584.9130211999873,1584.9134692000225,1584.9211988999741,1584.9211988999741,1584.9211988999741,1585.814682999975,99,1,[0.8930500999558717],[0.8930553999962285],aj_1,001,2025-11-13_23h00.12.150,intentional_binding,,2025.1.1,59.906856848985115,2025-11-13 23h00.19.340553 +0530,
0.7,1000,exp,375,3,31,space,0.23518860002513975,None,999,1,[1.293535599950701],[1.2935419999994338],31,3,375,11,1585.830051900004,,1585.8148699000012,1585.830051900004,1586.830454400042,1586.830454400042,1586.830454400042,1587.0814140000148,space,0.23518860002513975,None,1587.0821625000099,1587.7808038667465,1588.087812700076,1588.0803078999743,1588.0807396000018,1588.087812700076,1588.087812700076,1588.087812700076,1589.3815811000532,999,1,[1.293535599950701],[1.2935419999994338],aj_1,001,2025-11-13_23h00.12.150,intentional_binding,,2025.1.1,59.906856848985115,2025-11-13 23h00.19.340553 +0530,
0.1,1000,exp,376,4,31,space,0.22062479995656759,None,999,1,[1.150882299989462],[1.150889000040479],31,4,376,3,1589.3969713000115,,1589.3817864999874,1589.3969713000115,1590.3970494000241,1590.3970494000241,1590.3970494000241,1590.6311042000307,space,0.22062479995656759,None,1590.6321329000639,1590.7304287667541,1591.0473126000725,1591.0321100000292,1591.0326837999746,1591.0473126000725,1591.0473126000725,1591.0473126000725,1592.1984886000864,999,1,[1.150882299989462],[1.150889000040479],aj_1,001,2025-11-13_23h00.12.150,intentional_binding,,2025.1.1,59.906856848985115,2025-11-13 23h00.19.340553 +0530,
0.1,1000,exp,377,5,31,space,0.27773219998925924,None,200,1,[1.2368674000026658],[1.2368731999304146],31,5,377,9,1592.2134092000779,,1592.1986832000548,1592.2134092000779,1593.213834400056,1593.213834400056,1593.213834400056,1593.497839900083,space,0.27773219998925924,None,1593.4984933000524,1593.613445966683,1593.927657800028,1593.9133026000345,1593.9139706999995,1593.927657800028,1593.927657800028,1593.927657800028,1595.1647620000876,200,1,[1.2368674000026658],[1.2368731999304146],aj_1,001,2025-11-13_23h00.12.150,intentional_binding,,2025.1.1,59.906856848985115,2025-11-13 23h00.19.340553 +0530,
0.7,1000,exp,378,6,31,space,0.8342040000716224,None,300,1,[1.7220150999492034],[1.7220269000390545],31,6,378,5,1595.1801892999792,,1595.164937500027,1595.1801892999792,1596.1801967000356,1596.1801967000356,1596.1801967000356,1597.0311109999893,space,0.8342040000716224,None,1597.0314878000645,1597.7304870667324,1598.0423205000116,1598.0330256000161,1598.03353720007,1598.0423205000116,1598.0423205000116,1598.0423205000116,1599.7647305000573,300,1,[1.7220150999492034],[1.7220269000390545],aj_1,001,2025-11-13_23h00.12.150,intentional_binding,,2025.1.1,59.906856848985115,2025-11-13 23h00.19.340553 +0530,
0.1,1000,exp,379,7,31,space,0.3475975999608636,None,400,1,[1.3757023999933153],[1.3757106000557542],31,7,379,6,1599.780138800037,,1599.7650896999985,1599.780138800037,1600.7803307999857,1600.7803307999857,1600.7803307999857,1601.1309788000071,space,0.3475975999608636,None,1601.1320695000468,1601.2305158667189,1601.5387058000779,1601.5306093000108,1601.5309709000867,1601.5387058000779,1601.5387058000779,1601.5387058000779,1602.914756400045,400,1,[1.3757023999933153],[1.3757106000557542],aj_1,001,2025-11-13_23h00.12.150,intentional_binding,,2025.1.1,59.906856848985115,2025-11-13 23h00.19.340553 +0530,
0.4,400,unexp,380,8,31,space,0.2025544000789523,None,0,1,[1.110070800059475],[1.1100828000344336],31,8,380,1,1602.9300952000776,,1602.9149970000144,1602.9300952000776,1603.9302244000137,1603.9302244000137,1603.9302244000137,1604.148061600048,space,0.2025544000789523,None,1604.1486806999892,1604.5632182666488,1604.8706187000498,1604.85993590008,1604.8605186999775,1604.8706187000498,1604.8706187000498,1604.8706187000498,1605.9810448000208,0,1,[1.110070800059475],[1.1100828000344336],aj_1,001,2025-11-13_23h00.12.150,intentional_binding,,2025.1.1,59.906856848985115,2025-11-13 23h00.19.340553 +0530,
0.7,400,unexp,381,9,31,space,0.2973372000269592,None,200,1,[2.632989100064151],[2.632998300017789],31,9,381,2,1605.997026200057,,1605.9813957000151,1605.997026200057,1606.9803719000192,1606.9803719000192,1606.9973167000571,1607.2802570000058,space,0.2973372000269592,None,1607.2806539000012,1607.9801151666945,1608.2974951000651,1608.2831195000326,1608.2837335000513,1608.2974951000651,1608.2974951000651,1608.2974951000651,1610.9307815000648,200,1,[2.632989100064151],[2.632998300017789],aj_1,001,2025-11-13_23h00.12.150,intentional_binding,,2025.1.1,59.906856848985115,2025-11-13 23h00.19.340553 +0530,
0.4,1000,exp,382,10,31,space,0.2882904999423772,None,400,1,[2.756201200070791],[2.756215500063263],31,10,382,7,1610.9470872000093,,1610.9310472999932,1610.9470872000093,1611.9303455000045,1611.9303455000045,1611.9473197000334,1612.2309576000553,space,0.2882904999423772,None,1612.2319268999854,1612.6304783666894,1612.942351100035,1612.928928200039,1612.930039800005,1612.942351100035,1612.942351100035,1612.942351100035,1615.6989645999856,400,1,[2.756201200070791],[2.756215500063263],aj_1,001,2025-11-13_23h00.12.150,intentional_binding,,2025.1.1,59.906856848985115,2025-11-13 23h00.19.340553 +0530,
0.1,400,unexp,383,11,31,space,1.0843998999334872,None,0,1,[1.0866629000520334],[1.0866694999858737],31,11,383,0,1615.713739800034,,1615.6993662000168,1615.713739800034,1616.7136829000665,1616.7136829000665,1616.7136829000665,1617.8140308000147,space,1.0843998999334872,None,1617.8149758999934,1617.9137101666458,1618.22730160004,1618.212408100022,1618.2130094000604,1618.22730160004,1618.22730160004,1618.22730160004,1619.3142170000356,0,1,[1.0866629000520334],[1.0866694999858737],aj_1,001,2025-11-13_23h00.12.150,intentional_binding,,2025.1.1,59.906856848985115,2025-11-13 23h00.19.340553 +0530,
0.4,400,unexp,384,0,32,space,0.2065406000474468,None,0,1,[1.6449031999800354],[1.6449135999428108],32,0,384,1,1619.3298675999977,,1619.3144237999804,1619.3298675999977,1620.313637400046,1620.313637400046,1620.3301752000116,1620.5308010000736,space,0.2065406000474468,None,1620.5320350000402,1620.930252366645,1621.23641890008,1621.2297507000621,1621.2303343000822,1621.23641890008,1621.23641890008,1621.23641890008,1622.881664399989,0,1,[1.6449031999800354],[1.6449135999428108],aj_1,001,2025-11-13_23h00.12.150,intentional_binding,,2025.1.1,59.906856848985115,2025-11-13 23h00.19.340553 +0530,
0.7,1000,exp,385,1,32,space,0.252645600005053,None,500,1,[1.510336000006646],[1.51034180005081],32,1,385,11,1622.8971429000376,,1622.8819677000865,1622.8971429000376,1623.8971313000657,1623.8971313000657,1623.8971313000657,1624.1644140999997,space,0.252645600005053,None,1624.1651012999937,1624.8638453666974,1625.1706811999902,1625.1603685000446,1625.1609534000745,1625.1706811999902,1625.1706811999902,1625.1706811999902,1626.6812453999883,500,1,[1.510336000006646],[1.51034180005081],aj_1,001,2025-11-13_23h00.12.150,intentional_binding,,2025.1.1,59.906856848985115,2025-11-13 23h00.19.340553 +0530,
0.1,1000,exp,386,2,32,space,0.2994480000343174,None,0,1,[1.353329599951394],[1.3533357999986038],32,2,386,6,1626.6968518000795,,1626.6814323000144,1626.6968518000795,1627.6972207999788,1627.6972207999788,1627.6972207999788,1627.9980523000704,space,0.2994480000343174,None,1627.99917179998,1628.113695166718,1628.4271775999805,1628.4138399000512,1628.4145036999835,1628.4271775999805,1628.4271775999805,1628.4271775999805,1629.7807200000389,0,1,[1.353329599951394],[1.3533357999986038],aj_1,001,2025-11-13_23h00.12.150,intentional_binding,,2025.1.1,59.906856848985115,2025-11-13 23h00.19.340553 +0530,
0.4,1000,exp,387,3,32,space,0.2049750000005588,None,100,1,[1.8942812999011949],[1.8942878999514505],32,3,387,7,1629.7968545000767,,1629.7809102999745,1629.7968545000767,1630.779925400042,1630.779925400042,1630.797235300066,1630.9977055999916,space,0.2049750000005588,None,1630.998800200061,1631.4136805666533,1631.7198344999924,1631.708678200026,1631.709202200058,1631.7198344999924,1631.7198344999924,1631.7198344999924,1633.6143736999948,100,1,[1.8942812999011949],[1.8942878999514505],aj_1,001,2025-11-13_23h00.12.150,intentional_binding,,2025.1.1,59.906856848985115,2025-11-13 23h00.19.340553 +0530,
0.7,1000,exp,388,4,32,space,0.17701820004731417,None,200,1,[1.9333503999514505],[1.9333586000138894],32,4,388,5,1633.629664600012,,1633.6145703999791,1633.629664600012,1634.6137338000117,1634.6137338000117,1634.6300628000172,1634.7973680000287,space,0.17701820004731417,None,1634.7984574000584,1635.4970354666623,1635.8139799999772,1635.800557599985,1635.8013756000437,1635.8139799999772,1635.8139799999772,1635.8139799999772,1637.7476598999929,200,1,[1.9333503999514505],[1.9333586000138894],aj_1,001,2025-11-13_23h00.12.150,intentional_binding,,2025.1.1,59.906856848985115,2025-11-13 23h00.19.340553 +0530,
0.1,1000,exp,389,5,32,space,0.19576500006951392,None,300,1,[1.8748870000708848],[1.8748955000191927],32,5,389,9,1637.7637097000843,,1637.7479312000796,1637.7637097000843,1638.7635291999904,1638.7635291999904,1638.7635291999904,1638.9644052999793,space,0.19576500006951392,None,1638.9656827000435,1639.0635876666677,1639.3730107999872,1639.3600197000196,1639.3606273999903,1639.3730107999872,1639.3730107999872,1639.3730107999872,1641.2481572000543,300,1,[1.8748870000708848],[1.8748955000191927],aj_1,001,2025-11-13_23h00.12.150,intentional_binding,,2025.1.1,59.906856848985115,2025-11-13 23h00.19.340553 +0530,
0.1,1000,exp,390,6,32,space,0.10225899994838983,None,300,1,[1.3066376999486238],[1.3066457000095397],32,6,390,3,1641.26365670003,,1641.2483799000038,1641.26365670003,1642.2630635000532,1642.2630635000532,1642.2630635000532,1642.3806045000674,space,0.10225899994838983,None,1642.381662000087,1642.4802125667377,1642.7911395999836,1642.7816965000238,1642.7819786000764,1642.7911395999836,1642.7911395999836,1642.7911395999836,1644.098133600084,300,1,[1.3066376999486238],[1.3066457000095397],aj_1,001,2025-11-13_23h00.12.150,intentional_binding,,2025.1.1,59.906856848985115,2025-11-13 23h00.19.340553 +0530,
0.4,1000,exp,391,7,32,space,0.3217732000630349,None,444,1,[2.457619499997236],[2.457628699950874],32,7,391,4,1644.1132549999747,,1644.0985699000303,1644.1132549999747,1645.113459300017,1645.113459300017,1645.113459300017,1645.4476725000422,space,0.3217732000630349,None,1645.4488466000184,1645.8636515667351,1646.1740638000192,1646.1606983999955,1646.1614178000018,1646.1740638000192,1646.1740638000192,1646.1740638000192,1648.631990200025,444,1,[2.457619499997236],[2.457628699950874],aj_1,001,2025-11-13_23h00.12.150,intentional_binding,,2025.1.1,59.906856848985115,2025-11-13 23h00.19.340553 +0530,
0.7,1000,exp,392,8,32,space,0.361363000003621,None,500,1,[1.723045099992305],[1.7230543000623584],32,8,392,8,1648.6470340000233,,1648.6322174000088,1648.6470340000233,1649.6467144000344,1649.6467144000344,1649.6467144000344,1650.0140003000852,space,0.361363000003621,None,1650.0154965000693,1650.7137035666422,1651.0243767000502,1651.0089654000476,1651.009565400076,1651.0243767000502,1651.0243767000502,1651.0243767000502,1652.7477007000707,500,1,[1.723045099992305],[1.7230543000623584],aj_1,001,2025-11-13_23h00.12.150,intentional_binding,,2025.1.1,59.906856848985115,2025-11-13 23h00.19.340553 +0530,
0.7,400,unexp,393,9,32,space,0.910907999961637,None,500,1,[2.255979700013995],[2.255987200071104],32,9,393,2,1652.7631854000501,,1652.7479530000128,1652.7631854000501,1653.7636183000868,1653.7636183000868,1653.7636183000868,1654.6808470999822,space,0.910907999961637,None,1654.6819874000503,1655.3799574666812,1655.6918246999849,1655.6823131000856,1655.6827708000783,1655.6918246999849,1655.6918246999849,1655.6918246999849,1657.9480461999774,500,1,[2.255979700013995],[2.255987200071104],aj_1,001,2025-11-13_23h00.12.150,intentional_binding,,2025.1.1,59.906856848985115,2025-11-13 23h00.19.340553 +0530,
0.4,1000,exp,394,10,32,space,0.2487567999633029,None,600,1,[0.972438900033012],[0.9724523000186309],32,10,394,10,1657.963126000017,,1657.9482738000806,1657.963126000017,1658.9634710000828,1658.9634710000828,1658.9634710000828,1659.2143149999902,space,0.2487567999633029,None,1659.215631500003,1659.6298819666883,1659.9432089000475,1659.9296480000485,1659.930234999978,1659.9432089000475,1659.9432089000475,1659.9432089000475,1660.916176400031,600,1,[0.972438900033012],[0.9724523000186309],aj_1,001,2025-11-13_23h00.12.150,intentional_binding,,2025.1.1,59.906856848985115,2025-11-13 23h00.19.340553 +0530,
0.1,400,unexp,395,11,32,space,0.2771318000741303,None,200,1,[1.2248670000117272],[1.2248778999783099],32,11,395,0,1660.929926800076,,1660.9168276999844,1660.929926800076,1661.929749300005,1661.929749300005,1661.929749300005,1662.2141728000715,space,0.2771318000741303,None,1662.215312800021,1662.3135280666795,1662.6230213000672,1662.6099736000178,1662.6105519999983,1662.6230213000672,1662.6230213000672,1662.6230213000672,1663.8482184000313,200,1,[1.2248670000117272],[1.2248778999783099],aj_1,001,2025-11-13_23h00.12.150,intentional_binding,,2025.1.1,59.906856848985115,2025-11-13 23h00.19.340553 +0530,
